<?xml version="1.0" encoding="UTF-8"?>
<!--
Created with Funkin Packer v0.1.3 https://neeeoo.github.io/funkin-packer/
-->
<TextureAtlas imagePath="facelessMario.png" width="7407" height="562">
	<SubTexture name="down 0000" x="1" y="1" width="460" height="560" frameX="-0" frameY="-0" frameWidth="460" frameHeight="560"/>
	<SubTexture name="down 0001" x="464" y="1" width="460" height="560" frameX="-0" frameY="-0" frameWidth="460" frameHeight="560"/>
	<SubTexture name="down 0002" x="927" y="1" width="460" height="560" frameX="-0" frameY="-0" frameWidth="460" frameHeight="560"/>
	<SubTexture name="idle 0000" x="1390" y="1" width="460" height="560" frameX="-0" frameY="-0" frameWidth="460" frameHeight="560"/>
	<SubTexture name="idle 0001" x="1853" y="1" width="460" height="560" frameX="-0" frameY="-0" frameWidth="460" frameHeight="560"/>
	<SubTexture name="idle 0002" x="2316" y="1" width="460" height="560" frameX="-0" frameY="-0" frameWidth="460" frameHeight="560"/>
	<SubTexture name="idle 0003" x="2779" y="1" width="460" height="560" frameX="-0" frameY="-0" frameWidth="460" frameHeight="560"/>
	<SubTexture name="idle 0004" x="3242" y="1" width="460" height="560" frameX="-0" frameY="-0" frameWidth="460" frameHeight="560"/>
	<SubTexture name="left 0000" x="3705" y="1" width="460" height="560" frameX="-0" frameY="-0" frameWidth="460" frameHeight="560"/>
	<SubTexture name="left 0001" x="4168" y="1" width="460" height="560" frameX="-0" frameY="-0" frameWidth="460" frameHeight="560"/>
	<SubTexture name="left 0002" x="4631" y="1" width="460" height="560" frameX="-0" frameY="-0" frameWidth="460" frameHeight="560"/>
	<SubTexture name="right 0000" x="5094" y="1" width="460" height="560" frameX="-0" frameY="-0" frameWidth="460" frameHeight="560"/>
	<SubTexture name="right 0001" x="5557" y="1" width="460" height="560" frameX="-0" frameY="-0" frameWidth="460" frameHeight="560"/>
	<SubTexture name="right 0002" x="6020" y="1" width="460" height="560" frameX="-0" frameY="-0" frameWidth="460" frameHeight="560"/>
	<SubTexture name="up 0000" x="6483" y="1" width="460" height="560" frameX="-0" frameY="-0" frameWidth="460" frameHeight="560"/>
	<SubTexture name="up 0001" x="6946" y="1" width="460" height="560" frameX="-0" frameY="-0" frameWidth="460" frameHeight="560"/>
</TextureAtlas>