{
	"animations": [
		{
			"offsets": [2, 0],
			"indices": [],
			"fps": 24,
			"anim": "idle",
			"loop": false,
			"name": "idle"
		},
		{
			"offsets": [11, 10],
			"indices": [],
			"fps": 24,
			"anim": "singUP",
			"loop": false,
			"name": "up"
		},
		{
			"offsets": [0, -2],
			"indices": [],
			"fps": 24,
			"anim": "singDOWN",
			"loop": false,
			"name": "down"
		},
		{
			"offsets": [20, 0],
			"indices": [],
			"fps": 24,
			"anim": "singLEFT",
			"loop": false,
			"name": "left"
		},
		{
			"offsets": [-5, 4],
			"indices": [],
			"fps": 24,
			"anim": "singRIGHT",
			"loop": false,
			"name": "right"
		}
	],
	"vocals_file": "",
	"no_antialiasing": true,
	"image": "characters/Mario/Faceless Mario/phase1/facelessMario",
	"position": [-20, 220],
	"healthicon": "mario",
	"flip_x": false,
	"healthbar_colors": [245, 46, 96],
	"camera_position": [-50, -20],
	"sing_duration": 4,
	"scale": 1,
	"_editor_isPlayer": false
}
