{
	"animations": [
		{
			"offsets": [-9, -20],
			"indices": [],
			"fps": 24,
			"anim": "singUP",
			"loop": false,
			"name": "up"
		},
		{
			"offsets": [-10, -2],
			"indices": [],
			"fps": 24,
			"anim": "singDOWN",
			"loop": false,
			"name": "down"
		},
		{
			"offsets": [40, -10],
			"indices": [],
			"fps": 24,
			"anim": "singLEFT",
			"loop": false,
			"name": "left"
		},
		{
			"offsets": [-65, -116],
			"indices": [],
			"fps": 24,
			"anim": "singRIGHT",
			"loop": false,
			"name": "right"
		},
		{
			"offsets": [0, 0],
			"indices": [],
			"fps": 6,
			"anim": "idle",
			"loop": false,
			"name": "idle"
		}
	],
	"vocals_file": "",
	"no_antialiasing": true,
	"image": "characters/Mario/Faceless Mario/phase3/fmRed",
	"position": [-170, -30],
	"healthicon": "faceless",
	"flip_x": false,
	"healthbar_colors": [0, 0, 0],
	"camera_position": [-50, 130],
	"sing_duration": 4,
	"scale": 1,
	"_editor_isPlayer": false
}
