{
	"animations": [
		{
			"loop": false,
			"offsets": [
				0,
				0
			],
			"fps": 24,
			"anim": "cheer",
			"indices": [],
			"name": "GF Cheer"
		},
		{
			"loop": false,
			"offsets": [
				0,
				0
			],
			"fps": 24,
			"anim": "singLEFT",
			"indices": [],
			"name": "none"
		},
		{
			"loop": false,
			"offsets": [
				0,
				0
			],
			"fps": 24,
			"anim": "singDOWN",
			"indices": [],
			"name": "none"
		},
		{
			"loop": false,
			"offsets": [
				0,
				0
			],
			"fps": 24,
			"anim": "singUP",
			"indices": [],
			"name": "none"
		},
		{
			"loop": false,
			"offsets": [
				0,
				0
			],
			"fps": 24,
			"anim": "singRIGHT",
			"indices": [],
			"name": "none"
		},
		{
			"loop": false,
			"offsets": [
				0,
				0
			],
			"fps": 24,
			"anim": "sad",
			"name": "none"
		},
		{
			"loop": false,
			"offsets": [
				0,
				0
			],
			"fps": 24,
			"anim": "danceLeft",
			"name": "none"
		},
		{
			"loop": false,
			"offsets": [
				0,
				0
			],
			"fps": 24,
			"anim": "danceRight",
			"name": "none"
		},
		{
			"loop": true,
			"offsets": [
				0,
				0
			],
			"fps": 24,
			"anim": "hairBlow",
			"name": "none"
		},
		{
			"loop": false,
			"offsets": [
				0,
				0
			],
			"fps": 24,
			"anim": "hairFall",
			"name": "none"
		},
		{
			"loop": true,
			"offsets": [
				0,
				0
			],
			"fps": 24,
			"anim": "scared",
			"indices": [],
			"name": "none"
		}
	],
	"no_antialiasing": false,
	"image": "characters/none",
	"position": [
		0,
		0
	],
	"healthicon": "none",
	"flip_x": false,
	"healthbar_colors": [
		255,
		0,
		0
	],
	"camera_position": [
		0,
		0
	],
	"sing_duration": 1,
	"scale": 1
}
