{
	"animations": [
		{
			"offsets": [0, 0],
			"loop": false,
			"fps": 24,
			"anim": "singLEFT",
			"indices": [],
			"name": "left instance 1"
		},
		{
			"offsets": [0, 0],
			"loop": false,
			"fps": 24,
			"anim": "singUP",
			"indices": [],
			"name": "up instance 1"
		},
		{
			"offsets": [0, 0],
			"loop": false,
			"fps": 24,
			"anim": "singRIGHT",
			"indices": [],
			"name": "right instance 1"
		},
		{
			"offsets": [7, 0],
			"loop": false,
			"fps": 24,
			"anim": "idle",
			"indices": [],
			"name": "idle instance 1"
		},
		{
			"loop": false,
			"offsets": [0, 0],
			"anim": "singDOWN",
			"fps": 24,
			"name": "down instance 1",
			"indices": []
		}
	],
	"vocals_file": "",
	"no_antialiasing": true,
	"image": "characters/Mario/PiracyMario",
	"position": [230, 460],
	"healthicon": "unset",
	"flip_x": false,
	"healthbar_colors": [161, 161, 161],
	"camera_position": [-170, -50],
	"sing_duration": 4.1,
	"scale": 3,
	"_editor_isPlayer": false
}