{
	"animations": [
		{
			"loop": false,
			"offsets": [0, 0],
			"anim": "singLEFTmiss",
			"fps": 24,
			"name": "leftMiss instance 1",
			"indices": []
		},
		{
			"loop": false,
			"offsets": [0, 0],
			"anim": "singLEFT",
			"fps": 24,
			"name": "left instance 1",
			"indices": []
		},
		{
			"loop": false,
			"offsets": [0, 0],
			"anim": "singUPmiss",
			"fps": 24,
			"name": "upMiss instance 1",
			"indices": []
		},
		{
			"loop": false,
			"offsets": [0, 0],
			"anim": "singUP",
			"fps": 24,
			"name": "up instance 1",
			"indices": []
		},
		{
			"loop": false,
			"offsets": [0, 0],
			"anim": "singRIGHT",
			"fps": 24,
			"name": "right instance 1",
			"indices": []
		},
		{
			"loop": false,
			"offsets": [0, 0],
			"anim": "singRIGHTmiss",
			"fps": 24,
			"name": "rightMiss instance 1",
			"indices": []
		},
		{
			"loop": false,
			"offsets": [7, 0],
			"anim": "idle",
			"fps": 24,
			"name": "idle instance 1",
			"indices": []
		},
		{
			"offsets": [0, 0],
			"indices": [],
			"fps": 24,
			"anim": "singDOWN",
			"loop": false,
			"name": "down instance 1"
		},
		{
			"offsets": [0, 0],
			"indices": [],
			"fps": 24,
			"anim": "singDOWNmiss",
			"loop": false,
			"name": "downMiss instance 1"
		}
	],
	"vocals_file": "",
	"no_antialiasing": true,
	"image": "characters/Boyfriend/PiracyBf",
	"position": [220, 460],
	"healthicon": "bf",
	"flip_x": true,
	"healthbar_colors": [0, 5, 235],
	"camera_position": [250, -180],
	"sing_duration": 4,
	"scale": 3,
	"_editor_isPlayer": true
}
