{
	"player1": "bf-back",
	"player2": "facless1",
	"events": [
		[
			36460.6015037594,
			[
				["Flashing Camera", "", ""]
			]
		],
		[
			36674.8872180451,
			[
				["Change Character", "Dad", "facless2"],
				["Change Scroll Speed", "1.5", "1"]
			]
		],
		[
			47603.4586466166,
			[
				["Change Scroll Speed", "1.8", "1"]
			]
		],
		[
			52103.4586466166,
			[
				["Flashing Camera", "RED", "1"]
			]
		],
		[
			124217.744360902,
			[
				["Screen Shake", "2, 1", "2, 1"]
			]
		]
	],
	"notes": [
		{
			"sectionBeats": 4,
			"sectionNotes": [],
			"gfSection": false,
			"altAnim": false,
			"mustHitSection": true,
			"changeBPM": false,
			"bpm": 150
		},
		{
			"sectionNotes": [],
			"sectionBeats": 4,
			"gfSection": false,
			"altAnim": false,
			"bpm": 150,
			"changeBPM": false,
			"mustHitSection": true
		},
		{
			"sectionNotes": [],
			"sectionBeats": 4,
			"gfSection": false,
			"altAnim": false,
			"bpm": 150,
			"changeBPM": false,
			"mustHitSection": true
		},
		{
			"sectionNotes": [],
			"sectionBeats": 4,
			"gfSection": false,
			"altAnim": false,
			"bpm": 150,
			"changeBPM": false,
			"mustHitSection": true
		},
		{
			"sectionNotes": [],
			"sectionBeats": 4,
			"gfSection": false,
			"altAnim": false,
			"bpm": 150,
			"changeBPM": false,
			"mustHitSection": true
		},
		{
			"sectionNotes": [],
			"sectionBeats": 4,
			"gfSection": false,
			"altAnim": false,
			"bpm": 150,
			"changeBPM": false,
			"mustHitSection": true
		},
		{
			"sectionNotes": [],
			"sectionBeats": 4,
			"gfSection": false,
			"altAnim": false,
			"bpm": 150,
			"changeBPM": false,
			"mustHitSection": true
		},
		{
			"sectionNotes": [],
			"sectionBeats": 4,
			"gfSection": false,
			"altAnim": false,
			"bpm": 150,
			"changeBPM": false,
			"mustHitSection": true
		},
		{
			"sectionNotes": [
				[15360, 1, 1080],
				[16800, 2, 360]
			],
			"sectionBeats": 4,
			"gfSection": false,
			"altAnim": false,
			"bpm": 150,
			"changeBPM": false,
			"mustHitSection": true
		},
		{
			"sectionNotes": [
				[17280, 3, 420],
				[17880, 2, 240],
				[18240, 1, 480],
				[18840, 0, 300]
			],
			"sectionBeats": 4,
			"gfSection": false,
			"altAnim": false,
			"bpm": 150,
			"changeBPM": false,
			"mustHitSection": true
		},
		{
			"sectionNotes": [
				[19200, 2, 420],
				[19680, 3, 0],
				[19920, 2, 1140]
			],
			"sectionBeats": 4,
			"gfSection": false,
			"altAnim": false,
			"bpm": 150,
			"changeBPM": false,
			"mustHitSection": true
		},
		{
			"sectionNotes": [
				[21120, 3, 1860]
			],
			"sectionBeats": 4,
			"gfSection": false,
			"altAnim": false,
			"bpm": 150,
			"changeBPM": false,
			"mustHitSection": true
		},
		{
			"sectionNotes": [
				[23040, 1, 1200],
				[24480, 0, 0],
				[24720, 2, 0]
			],
			"sectionBeats": 4,
			"gfSection": false,
			"altAnim": false,
			"bpm": 150,
			"changeBPM": false,
			"mustHitSection": true
		},
		{
			"sectionNotes": [
				[24960, 1, 0],
				[25440, 3, 0],
				[25680, 3, 0],
				[25920, 1, 420],
				[26400, 0, 300]
			],
			"sectionBeats": 4,
			"gfSection": false,
			"altAnim": false,
			"bpm": 150,
			"changeBPM": false,
			"mustHitSection": true
		},
		{
			"sectionNotes": [
				[26880, 1, 420],
				[27360, 2, 0],
				[27600, 1, 0],
				[27840, 3, 0],
				[28080, 1, 0],
				[28320, 0, 0],
				[28560, 3, 0]
			],
			"sectionBeats": 4,
			"gfSection": false,
			"altAnim": false,
			"bpm": 150,
			"changeBPM": false,
			"mustHitSection": true
		},
		{
			"sectionNotes": [
				[28800, 1, 420],
				[29280, 3, 420],
				[29760, 1, 600],
				[30240, 3, 300],
				[30600, 2, 0]
			],
			"sectionBeats": 4,
			"gfSection": false,
			"altAnim": false,
			"bpm": 150,
			"changeBPM": false,
			"mustHitSection": true
		},
		{
			"sectionNotes": [
				[30720, 1, 3631.57894736842]
			],
			"sectionBeats": 4,
			"gfSection": false,
			"altAnim": false,
			"bpm": 95,
			"changeBPM": true,
			"mustHitSection": true
		},
		{
			"sectionNotes": [],
			"sectionBeats": 4,
			"gfSection": false,
			"altAnim": false,
			"bpm": 70,
			"changeBPM": true,
			"mustHitSection": true
		},
		{
			"sectionNotes": [
				[36674.8872180451, 5, 0],
				[36889.1729323308, 7, 0],
				[36996.3157894737, 4, 0],
				[37103.4586466165, 7, 0],
				[37210.6015037594, 6, 0],
				[37424.8872180451, 5, 0],
				[37639.1729323308, 7, 0],
				[37746.3157894737, 5, 0],
				[37853.4586466165, 4, 0],
				[37960.6015037594, 7, 0],
				[38067.7443609023, 5, 0],
				[38174.8872180451, 6, 0]
			],
			"sectionBeats": 4,
			"gfSection": false,
			"altAnim": false,
			"bpm": 140,
			"changeBPM": true,
			"mustHitSection": false
		},
		{
			"sectionNotes": [
				[38389.1729323308, 5, 0],
				[38603.4586466165, 7, 0],
				[38710.6015037594, 4, 0],
				[38817.7443609022, 7, 0],
				[39032.030075188, 5, 0],
				[39246.3157894737, 7, 0],
				[39460.6015037594, 5, 0],
				[39621.3157894737, 4, 0],
				[39782.030075188, 7, 0],
				[39889.1729323308, 4, 0],
				[39996.3157894737, 6, 0]
			],
			"sectionBeats": 4,
			"gfSection": false,
			"altAnim": false,
			"bpm": 150,
			"changeBPM": false,
			"mustHitSection": false
		},
		{
			"sectionNotes": [
				[40103.4586466165, 5, 0],
				[40317.7443609022, 7, 0],
				[40424.8872180451, 4, 0],
				[40532.0300751879, 7, 0],
				[40746.3157894737, 5, 0],
				[40960.6015037594, 7, 0],
				[41174.8872180451, 5, 0],
				[41335.6015037594, 4, 0],
				[41496.3157894737, 7, 0],
				[41603.4586466165, 4, 0],
				[41710.6015037594, 6, 0]
			],
			"sectionBeats": 4,
			"gfSection": false,
			"altAnim": false,
			"bpm": 150,
			"changeBPM": false,
			"mustHitSection": true
		},
		{
			"sectionNotes": [
				[41817.7443609023, 5, 0],
				[42032.030075188, 7, 0],
				[42139.1729323308, 7, 0],
				[42246.3157894737, 4, 0],
				[42460.6015037594, 5, 0],
				[42674.8872180451, 6, 160.714285714286],
				[42996.3157894737, 5, 0],
				[43103.4586466165, 7, 0],
				[43103.4586466165, 4, 0],
				[43210.6015037594, 6, 0],
				[43317.7443609023, 4, 0]
			],
			"sectionBeats": 4,
			"gfSection": false,
			"altAnim": false,
			"bpm": 150,
			"changeBPM": false,
			"mustHitSection": false
		},
		{
			"sectionNotes": [
				[43532.030075188, 1, 0],
				[43746.3157894737, 3, 0],
				[43853.4586466166, 0, 0],
				[43960.6015037594, 3, 0],
				[44067.7443609023, 2, 0],
				[44282.030075188, 1, 0],
				[44496.3157894737, 3, 0],
				[44603.4586466166, 1, 0],
				[44710.6015037594, 0, 0],
				[44817.7443609023, 3, 0],
				[44924.8872180451, 1, 0],
				[45032.030075188, 2, 0]
			],
			"sectionBeats": 4,
			"gfSection": false,
			"altAnim": false,
			"bpm": 150,
			"changeBPM": false,
			"mustHitSection": true
		},
		{
			"sectionNotes": [
				[45246.3157894737, 1, 0],
				[45460.6015037594, 3, 0],
				[45567.7443609023, 0, 0],
				[45674.8872180451, 3, 0],
				[45782.030075188, 2, 0],
				[45996.3157894737, 1, 0],
				[46103.4586466166, 3, 107.142857142857],
				[46317.7443609023, 1, 0],
				[46424.8872180451, 0, 0],
				[46532.030075188, 3, 0],
				[46639.1729323308, 1, 0],
				[46746.3157894737, 2, 0],
				[46853.4586466166, 3, 0]
			],
			"sectionBeats": 4,
			"gfSection": false,
			"altAnim": false,
			"bpm": 150,
			"changeBPM": false,
			"mustHitSection": true
		},
		{
			"sectionNotes": [
				[46960.6015037594, 1, 0],
				[47174.8872180451, 3, 0],
				[47282.030075188, 3, 0],
				[47389.1729323308, 2, 0],
				[47603.4586466166, 0, 0],
				[47710.6015037594, 2, 53.5714285714286],
				[47817.7443609023, 1, 0],
				[48032.030075188, 0, 0],
				[48139.1729323308, 1, 0],
				[48246.3157894737, 2, 0],
				[48353.4586466166, 3, 0],
				[48460.6015037594, 0, 0]
			],
			"sectionBeats": 4,
			"gfSection": false,
			"altAnim": false,
			"bpm": 150,
			"changeBPM": false,
			"mustHitSection": true
		},
		{
			"sectionNotes": [
				[48674.8872180451, 1, 0],
				[48889.1729323309, 3, 0],
				[48996.3157894737, 3, 0],
				[49103.4586466166, 0, 0],
				[49317.7443609023, 1, 0],
				[49532.030075188, 2, 160.714285714286],
				[49853.4586466166, 1, 0],
				[49960.6015037594, 3, 0],
				[49960.6015037594, 0, 0],
				[50067.7443609023, 2, 0],
				[50174.8872180451, 0, 0]
			],
			"sectionBeats": 4,
			"gfSection": false,
			"altAnim": false,
			"bpm": 150,
			"changeBPM": false,
			"mustHitSection": true
		},
		{
			"sectionNotes": [
				[50389.1729323309, 1, 1553.57142857143]
			],
			"sectionBeats": 4,
			"gfSection": false,
			"altAnim": false,
			"bpm": 150,
			"changeBPM": false,
			"mustHitSection": true
		},
		{
			"sectionNotes": [
				[52103.4586466166, 5, 1500, "No Animation"],
				[52103.4586466166, 6, 1500, "No Animation"],
				[52103.4586466166, 7, 1500, "No Animation"],
				[52103.4586466166, 4, 1500, "No Animation"]
			],
			"sectionBeats": 4,
			"gfSection": false,
			"altAnim": false,
			"bpm": 150,
			"changeBPM": false,
			"mustHitSection": false
		},
		{
			"sectionNotes": [
				[53817.7443609023, 5, 0],
				[53924.8872180451, 4, 0],
				[54032.030075188, 7, 0],
				[54139.1729323309, 6, 0],
				[54246.3157894737, 4, 0],
				[54353.4586466166, 6, 0],
				[54460.6015037594, 5, 0],
				[54567.7443609023, 4, 0],
				[54674.8872180451, 7, 0],
				[54782.030075188, 5, 0],
				[54889.1729323309, 4, 0],
				[54996.3157894737, 6, 0],
				[55103.4586466166, 7, 107.142857142857],
				[55317.7443609023, 4, 0],
				[55424.8872180451, 4, 0]
			],
			"sectionBeats": 4,
			"gfSection": false,
			"altAnim": false,
			"bpm": 150,
			"changeBPM": false,
			"mustHitSection": false
		},
		{
			"sectionNotes": [
				[55532.030075188, 5, 0],
				[55639.1729323309, 7, 0],
				[55746.3157894737, 6, 0],
				[55853.4586466166, 4, 0],
				[55960.6015037594, 6, 0],
				[56067.7443609023, 7, 0],
				[56174.8872180452, 4, 0],
				[56282.030075188, 7, 0],
				[56496.3157894737, 4, 0],
				[56603.4586466166, 5, 0],
				[56710.6015037594, 5, 0],
				[56817.7443609023, 4, 0],
				[56924.8872180452, 6, 0],
				[57032.030075188, 7, 0],
				[57139.1729323309, 5, 0]
			],
			"sectionBeats": 4,
			"gfSection": false,
			"altAnim": false,
			"bpm": 150,
			"changeBPM": false,
			"mustHitSection": true
		},
		{
			"sectionNotes": [
				[57246.3157894737, 4, 160.714285714286],
				[57567.7443609023, 5, 160.714285714286],
				[57782.030075188, 7, 0],
				[57889.1729323309, 6, 53.5714285714286],
				[58103.4586466166, 7, 160.714285714286],
				[58424.8872180452, 4, 0],
				[58532.030075188, 5, 0],
				[58746.3157894737, 7, 0],
				[58853.4586466166, 7, 0]
			],
			"sectionBeats": 4,
			"gfSection": false,
			"altAnim": false,
			"bpm": 150,
			"changeBPM": false,
			"mustHitSection": true
		},
		{
			"sectionNotes": [
				[58960.6015037594, 4, 0],
				[59174.8872180452, 6, 0],
				[59282.030075188, 6, 0],
				[59389.1729323309, 7, 0],
				[59603.4586466166, 4, 0],
				[59710.6015037594, 6, 0],
				[59924.8872180452, 4, 0],
				[60032.030075188, 7, 0],
				[60139.1729323309, 7, 0],
				[60353.4586466166, 6, 160.714285714286]
			],
			"sectionBeats": 4,
			"gfSection": false,
			"altAnim": false,
			"bpm": 150,
			"changeBPM": false,
			"mustHitSection": true
		},
		{
			"sectionNotes": [
				[60674.8872180452, 1, 0],
				[60674.8872180452, 5, 1553.57142857143],
				[60782.030075188, 0, 0],
				[60889.1729323309, 3, 0],
				[60996.3157894737, 2, 0],
				[61103.4586466166, 0, 0],
				[61210.6015037594, 2, 0],
				[61317.7443609023, 1, 0],
				[61424.8872180452, 0, 0],
				[61532.030075188, 3, 0],
				[61639.1729323309, 1, 0],
				[61746.3157894737, 0, 0],
				[61853.4586466166, 2, 0],
				[61960.6015037594, 3, 107.142857142857],
				[62174.8872180452, 0, 0],
				[62282.030075188, 0, 0]
			],
			"sectionBeats": 4,
			"gfSection": false,
			"altAnim": false,
			"bpm": 150,
			"changeBPM": false,
			"mustHitSection": true
		},
		{
			"sectionNotes": [
				[62389.1729323309, 1, 0],
				[62496.3157894737, 3, 0],
				[62603.4586466166, 2, 0],
				[62710.6015037594, 0, 0],
				[62817.7443609023, 2, 0],
				[62924.8872180452, 3, 0],
				[63032.030075188, 0, 0],
				[63139.1729323309, 3, 0],
				[63353.4586466166, 0, 0],
				[63460.6015037594, 1, 0],
				[63567.7443609023, 1, 0],
				[63674.8872180452, 0, 0],
				[63782.030075188, 2, 0],
				[63889.1729323309, 3, 0],
				[63996.3157894737, 1, 0]
			],
			"sectionBeats": 4,
			"gfSection": false,
			"altAnim": false,
			"bpm": 150,
			"changeBPM": false,
			"mustHitSection": true
		},
		{
			"sectionNotes": [
				[64103.4586466166, 0, 160.714285714286],
				[64424.8872180452, 1, 160.714285714286],
				[64639.1729323309, 3, 0],
				[64746.3157894737, 2, 53.5714285714286],
				[64960.6015037594, 3, 160.714285714286],
				[65282.030075188, 0, 0],
				[65389.1729323309, 1, 0],
				[65603.4586466166, 3, 0],
				[65710.6015037594, 3, 0]
			],
			"sectionBeats": 4,
			"gfSection": false,
			"altAnim": false,
			"bpm": 150,
			"changeBPM": false,
			"mustHitSection": true
		},
		{
			"sectionNotes": [
				[65817.7443609023, 0, 0],
				[66032.030075188, 2, 0],
				[66139.1729323309, 2, 0],
				[66246.3157894737, 3, 0],
				[66460.6015037594, 0, 0],
				[66567.7443609023, 2, 0],
				[66782.030075188, 0, 0],
				[66889.1729323309, 3, 0],
				[66996.3157894737, 3, 0],
				[67210.6015037594, 2, 160.714285714286]
			],
			"sectionBeats": 4,
			"gfSection": false,
			"altAnim": false,
			"bpm": 150,
			"changeBPM": false,
			"mustHitSection": true
		},
		{
			"sectionNotes": [
				[67532.030075188, 1, 1553.57142857143],
				[67532.030075188, 5, 214.285714285714],
				[67960.6015037594, 4, 0],
				[68282.030075188, 5, 160.714285714286],
				[68603.4586466166, 7, 0],
				[68817.7443609023, 5, 0],
				[69032.030075188, 4, 0]
			],
			"sectionBeats": 4,
			"gfSection": false,
			"altAnim": false,
			"bpm": 150,
			"changeBPM": false,
			"mustHitSection": false
		},
		{
			"sectionNotes": [
				[69246.3157894737, 6, 267.857142857143],
				[69674.8872180452, 7, 0],
				[69889.1729323309, 4, 0],
				[69996.3157894737, 5, 0],
				[70103.4586466166, 6, 0],
				[70210.6015037594, 7, 0],
				[70424.8872180452, 6, 0],
				[70639.1729323309, 7, 0],
				[70853.4586466166, 4, 0]
			],
			"sectionBeats": 4,
			"gfSection": false,
			"altAnim": false,
			"bpm": 150,
			"changeBPM": false,
			"mustHitSection": false
		},
		{
			"sectionNotes": [
				[70960.6015037594, 6, 160.714285714286],
				[71389.1729323309, 7, 0],
				[71603.4586466166, 5, 160.714285714286],
				[72032.030075188, 4, 0],
				[72139.1729323309, 6, 0],
				[72353.4586466166, 7, 0],
				[72567.7443609023, 4, 0]
			],
			"sectionBeats": 4,
			"gfSection": false,
			"altAnim": false,
			"bpm": 150,
			"changeBPM": false,
			"mustHitSection": true
		},
		{
			"sectionNotes": [
				[72674.8872180451, 7, 267.857142857143],
				[73103.4586466166, 5, 0],
				[73210.6015037594, 4, 53.5714285714286],
				[73424.8872180451, 6, 0],
				[73532.030075188, 7, 0],
				[73746.3157894737, 6, 0],
				[73853.4586466166, 4, 0],
				[74067.7443609023, 5, 0],
				[74174.8872180451, 7, 0]
			],
			"sectionBeats": 4,
			"gfSection": false,
			"altAnim": false,
			"bpm": 150,
			"changeBPM": false,
			"mustHitSection": true
		},
		{
			"sectionNotes": [
				[74389.1729323309, 1, 160.714285714286],
				[74389.1729323309, 5, 910.714285714286],
				[74817.7443609023, 3, 0],
				[75032.030075188, 1, 160.714285714286],
				[75460.6015037594, 0, 0],
				[75567.7443609023, 2, 0],
				[75782.030075188, 3, 0],
				[75996.3157894737, 0, 0]
			],
			"sectionBeats": 4,
			"gfSection": false,
			"altAnim": false,
			"bpm": 150,
			"changeBPM": false,
			"mustHitSection": true
		},
		{
			"sectionNotes": [
				[76103.4586466166, 3, 267.857142857143],
				[76532.030075188, 1, 0],
				[76639.1729323309, 0, 53.5714285714286],
				[76853.4586466166, 2, 0],
				[76960.6015037594, 3, 0],
				[77174.8872180451, 2, 0],
				[77282.030075188, 0, 0],
				[77496.3157894737, 1, 0],
				[77603.4586466166, 3, 0]
			],
			"sectionBeats": 4,
			"gfSection": false,
			"altAnim": false,
			"bpm": 150,
			"changeBPM": false,
			"mustHitSection": true
		},
		{
			"sectionNotes": [
				[77817.7443609023, 1, 0],
				[77817.7443609023, 1, 150],
				[78217.7443609023, 3, 0],
				[78417.7443609023, 1, 150],
				[78817.7443609023, 0, 0],
				[78917.7443609023, 2, 0],
				[79117.7443609023, 3, 0],
				[79317.7443609023, 0, 0]
			],
			"sectionBeats": 4,
			"gfSection": false,
			"altAnim": false,
			"bpm": 150,
			"changeBPM": true,
			"mustHitSection": true
		},
		{
			"sectionNotes": [
				[79417.7443609023, 3, 250],
				[79817.7443609023, 1, 0],
				[80017.7443609023, 3, 0],
				[80095.2443609023, 2, 0],
				[80317.7443609023, 0, 0],
				[80417.7443609023, 3, 0],
				[80717.7443609023, 1, 0],
				[80917.7443609023, 0, 0]
			],
			"sectionBeats": 4,
			"gfSection": false,
			"altAnim": false,
			"bpm": 150,
			"changeBPM": true,
			"mustHitSection": true
		},
		{
			"sectionNotes": [
				[81017.7443609023, 0, 850],
				[81317.7443609023, 5, 150],
				[81617.7443609023, 6, 150],
				[82017.7443609023, 7, 0],
				[82217.7443609023, 5, 0],
				[82317.7443609023, 4, 0],
				[82517.7443609023, 5, 0]
			],
			"sectionBeats": 4,
			"gfSection": false,
			"altAnim": false,
			"bpm": 150,
			"changeBPM": true,
			"mustHitSection": false
		},
		{
			"sectionNotes": [
				[82817.7443609023, 4, 0],
				[83017.7443609023, 5, 0],
				[83217.7443609023, 6, 0],
				[83517.7443609023, 7, 0],
				[83717.7443609023, 4, 100],
				[83917.7443609023, 7, 50]
			],
			"sectionBeats": 4,
			"gfSection": false,
			"altAnim": false,
			"bpm": 150,
			"changeBPM": true,
			"mustHitSection": true
		},
		{
			"sectionNotes": [
				[84317.7443609023, 5, 50],
				[84717.7443609023, 5, 200],
				[85017.7443609023, 7, 150],
				[85317.7443609023, 4, 0],
				[85617.7443609023, 5, 0]
			],
			"sectionBeats": 4,
			"gfSection": false,
			"altAnim": false,
			"bpm": 150,
			"changeBPM": true,
			"mustHitSection": false
		},
		{
			"sectionNotes": [
				[85917.7443609023, 7, 0],
				[86117.7443609023, 7, 0],
				[86317.7443609023, 5, 0],
				[86484.4110275689, 4, 0],
				[86717.7443609023, 5, 0],
				[86884.4110275689, 6, 0],
				[87017.7443609023, 5, 0],
				[87117.7443609023, 7, 0],
				[87217.7443609023, 4, 750]
			],
			"sectionBeats": 4,
			"gfSection": false,
			"altAnim": false,
			"bpm": 150,
			"changeBPM": true,
			"mustHitSection": false
		},
		{
			"sectionNotes": [
				[88184.4110275689, 1, 300],
				[88517.7443609023, 2, 300],
				[88884.4110275689, 3, 0]
			],
			"sectionBeats": 4,
			"gfSection": false,
			"altAnim": false,
			"bpm": 150,
			"changeBPM": false,
			"mustHitSection": true
		},
		{
			"sectionNotes": [
				[89017.7443609023, 1, 0],
				[89117.7443609023, 0, 0],
				[89384.4110275689, 3, 250],
				[89717.7443609023, 2, 0],
				[89917.7443609023, 3, 0],
				[90117.7443609023, 0, 0],
				[90284.4110275689, 0, 0],
				[90484.4110275689, 1, 0]
			],
			"sectionBeats": 4,
			"gfSection": false,
			"altAnim": false,
			"bpm": 150,
			"changeBPM": false,
			"mustHitSection": true
		},
		{
			"sectionNotes": [
				[90717.7443609023, 2, 0],
				[91017.7443609023, 1, 0],
				[91617.7443609023, 0, 0],
				[91917.7443609023, 1, 0]
			],
			"sectionBeats": 4,
			"gfSection": false,
			"altAnim": false,
			"bpm": 150,
			"changeBPM": true,
			"mustHitSection": true
		},
		{
			"sectionNotes": [
				[92217.7443609023, 1, 0],
				[92417.7443609023, 0, 0],
				[92617.7443609023, 1, 0],
				[92817.7443609023, 1, 0],
				[93017.7443609023, 2, 0],
				[93217.7443609023, 3, 0],
				[93484.4110275689, 1, 0],
				[93717.7443609023, 0, 0]
			],
			"sectionBeats": 4,
			"gfSection": false,
			"altAnim": false,
			"bpm": 150,
			"changeBPM": true,
			"mustHitSection": true
		},
		{
			"sectionNotes": [
				[93817.7443609023, 3, 0],
				[93951.0776942356, 2, 0],
				[94051.0776942356, 1, 1150],
				[94617.7443609023, 7, 0],
				[94817.7443609023, 5, 0],
				[95017.7443609023, 4, 0],
				[95217.7443609023, 5, 0]
			],
			"sectionBeats": 4,
			"gfSection": false,
			"altAnim": false,
			"bpm": 150,
			"changeBPM": true,
			"mustHitSection": false
		},
		{
			"sectionNotes": [
				[95417.7443609023, 7, 0],
				[95651.0776942356, 6, 0],
				[95817.7443609023, 5, 0],
				[96017.7443609023, 4, 450],
				[96517.7443609023, 5, 0],
				[96651.0776942356, 6, 0],
				[96751.0776942356, 7, 0],
				[96917.7443609023, 6, 0]
			],
			"sectionBeats": 4,
			"gfSection": false,
			"altAnim": false,
			"bpm": 150,
			"changeBPM": true,
			"mustHitSection": false
		},
		{
			"sectionNotes": [
				[97117.7443609023, 5, 0],
				[97317.7443609023, 4, 0],
				[97517.7443609023, 5, 750],
				[97517.7443609023, 4, 0],
				[98317.7443609023, 7, 0],
				[98484.4110275689, 5, 0]
			],
			"sectionBeats": 4,
			"gfSection": false,
			"altAnim": false,
			"bpm": 150,
			"changeBPM": true,
			"mustHitSection": false
		},
		{
			"sectionNotes": [
				[98651.0776942356, 4, 0],
				[98817.7443609023, 6, 0],
				[99084.4110275689, 4, 0],
				[99351.0776942356, 5, 600],
				[99984.4110275689, 6, 150]
			],
			"sectionBeats": 4,
			"gfSection": false,
			"altAnim": false,
			"bpm": 150,
			"changeBPM": true,
			"mustHitSection": false
		},
		{
			"sectionNotes": [
				[100217.744360902, 7, 0],
				[100417.744360902, 5, 250],
				[100917.744360902, 7, 0],
				[101017.744360902, 5, 0],
				[101217.744360902, 6, 400]
			],
			"sectionBeats": 4,
			"gfSection": false,
			"altAnim": false,
			"bpm": 150,
			"changeBPM": true,
			"mustHitSection": false
		},
		{
			"sectionNotes": [
				[101917.744360902, 5, 550],
				[102617.744360902, 6, 250],
				[103017.744360902, 7, 0],
				[103217.744360902, 5, 0]
			],
			"sectionBeats": 4,
			"gfSection": false,
			"altAnim": false,
			"bpm": 150,
			"changeBPM": true,
			"mustHitSection": false
		},
		{
			"sectionNotes": [],
			"sectionBeats": 4,
			"gfSection": false,
			"altAnim": false,
			"bpm": 150,
			"changeBPM": false,
			"mustHitSection": true
		},
		{
			"sectionNotes": [],
			"sectionBeats": 4,
			"gfSection": false,
			"altAnim": false,
			"bpm": 150,
			"changeBPM": false,
			"mustHitSection": false
		},
		{
			"sectionNotes": [
				[106817.744360902, 7, 0],
				[106917.744360902, 5, 0],
				[107117.744360902, 4, 0],
				[107317.744360902, 7, 0],
				[107517.744360902, 5, 0],
				[107717.744360902, 5, 0],
				[107917.744360902, 7, 0],
				[108117.744360902, 6, 550]
			],
			"sectionBeats": 4,
			"gfSection": false,
			"altAnim": false,
			"bpm": 150,
			"changeBPM": false,
			"mustHitSection": false
		},
		{
			"sectionNotes": [
				[108317.744360902, 0, 0],
				[108417.744360902, 1, 0],
				[108817.744360902, 2, 0],
				[108917.744360902, 3, 0],
				[109017.744360902, 0, 0],
				[109217.744360902, 2, 0],
				[109417.744360902, 1, 0],
				[109517.744360902, 3, 0]
			],
			"sectionBeats": 4,
			"gfSection": false,
			"altAnim": false,
			"bpm": 150,
			"changeBPM": false,
			"mustHitSection": true
		},
		{
			"sectionNotes": [
				[109817.744360902, 2, 500],
				[110517.744360902, 1, 150],
				[110817.744360902, 3, 0],
				[111017.744360902, 3, 0],
				[111217.744360902, 1, 0]
			],
			"sectionBeats": 4,
			"gfSection": false,
			"altAnim": false,
			"bpm": 150,
			"changeBPM": true,
			"mustHitSection": true
		},
		{
			"sectionNotes": [
				[111417.744360902, 0, 650],
				[112217.744360902, 1, 150],
				[112517.744360902, 2, 150],
				[112817.744360902, 0, 0]
			],
			"sectionBeats": 4,
			"gfSection": false,
			"altAnim": false,
			"bpm": 150,
			"changeBPM": false,
			"mustHitSection": true
		},
		{
			"sectionNotes": [
				[113017.744360902, 1, 0],
				[113217.744360902, 3, 800],
				[114117.744360902, 0, 350]
			],
			"sectionBeats": 4,
			"gfSection": false,
			"altAnim": false,
			"bpm": 150,
			"changeBPM": true,
			"mustHitSection": true
		},
		{
			"sectionNotes": [
				[114717.744360902, 1, 150],
				[115017.744360902, 3, 450],
				[115617.744360902, 2, 150],
				[115917.744360902, 1, 0],
				[116017.744360902, 0, 0],
				[116117.744360902, 1, 0]
			],
			"sectionBeats": 4,
			"gfSection": false,
			"altAnim": false,
			"bpm": 150,
			"changeBPM": true,
			"mustHitSection": true
		},
		{
			"sectionNotes": [
				[116217.744360902, 3, 50],
				[116417.744360902, 2, 150],
				[116717.744360902, 1, 150],
				[117017.744360902, 0, 150],
				[117317.744360902, 3, 200],
				[117617.744360902, 2, 350]
			],
			"sectionBeats": 4,
			"gfSection": false,
			"altAnim": false,
			"bpm": 150,
			"changeBPM": false,
			"mustHitSection": true
		},
		{
			"sectionNotes": [
				[118117.744360902, 0, 0],
				[118317.744360902, 1, 0],
				[118517.744360902, 3, 150],
				[118817.744360902, 1, 0],
				[119017.744360902, 0, 0],
				[119117.744360902, 2, 0],
				[119317.744360902, 3, 0]
			],
			"sectionBeats": 4,
			"gfSection": false,
			"altAnim": false,
			"bpm": 150,
			"changeBPM": false,
			"mustHitSection": true
		},
		{
			"sectionNotes": [
				[119517.744360902, 1, 0]
			],
			"sectionBeats": 4,
			"gfSection": false,
			"altAnim": false,
			"bpm": 150,
			"changeBPM": false,
			"mustHitSection": true
		},
		{
			"sectionNotes": [],
			"sectionBeats": 4,
			"gfSection": false,
			"altAnim": false,
			"bpm": 150,
			"changeBPM": false,
			"mustHitSection": true
		},
		{
			"sectionNotes": [],
			"sectionBeats": 4,
			"gfSection": false,
			"altAnim": false,
			"bpm": 150,
			"changeBPM": false,
			"mustHitSection": true
		},
		{
			"sectionNotes": [],
			"sectionBeats": 4,
			"gfSection": false,
			"altAnim": false,
			"bpm": 150,
			"changeBPM": false,
			"mustHitSection": true
		},
		{
			"sectionNotes": [],
			"sectionBeats": 4,
			"gfSection": false,
			"altAnim": false,
			"bpm": 150,
			"changeBPM": false,
			"mustHitSection": true
		},
		{
			"sectionNotes": [],
			"sectionBeats": 4,
			"gfSection": false,
			"altAnim": false,
			"bpm": 150,
			"changeBPM": false,
			"mustHitSection": true
		},
		{
			"sectionNotes": [],
			"sectionBeats": 4,
			"gfSection": false,
			"altAnim": false,
			"bpm": 150,
			"changeBPM": false,
			"mustHitSection": true
		},
		{
			"sectionNotes": [],
			"sectionBeats": 4,
			"gfSection": false,
			"altAnim": false,
			"bpm": 150,
			"changeBPM": false,
			"mustHitSection": true
		},
		{
			"sectionNotes": [],
			"sectionBeats": 4,
			"gfSection": false,
			"altAnim": false,
			"bpm": 150,
			"changeBPM": false,
			"mustHitSection": true
		},
		{
			"sectionNotes": [],
			"sectionBeats": 4,
			"gfSection": false,
			"altAnim": false,
			"bpm": 150,
			"changeBPM": false,
			"mustHitSection": true
		},
		{
			"sectionNotes": [],
			"sectionBeats": 4,
			"gfSection": false,
			"altAnim": false,
			"bpm": 150,
			"changeBPM": false,
			"mustHitSection": true
		},
		{
			"sectionNotes": [],
			"sectionBeats": 4,
			"gfSection": false,
			"altAnim": false,
			"bpm": 150,
			"changeBPM": false,
			"mustHitSection": true
		},
		{
			"sectionNotes": [],
			"sectionBeats": 4,
			"gfSection": false,
			"altAnim": false,
			"bpm": 150,
			"changeBPM": false,
			"mustHitSection": true
		},
		{
			"sectionNotes": [],
			"sectionBeats": 4,
			"gfSection": false,
			"altAnim": false,
			"bpm": 150,
			"changeBPM": false,
			"mustHitSection": true
		},
		{
			"sectionNotes": [],
			"sectionBeats": 4,
			"gfSection": false,
			"altAnim": false,
			"bpm": 150,
			"changeBPM": false,
			"mustHitSection": true
		},
		{
			"sectionNotes": [],
			"sectionBeats": 4,
			"gfSection": false,
			"altAnim": false,
			"bpm": 150,
			"changeBPM": false,
			"mustHitSection": true
		},
		{
			"sectionNotes": [],
			"sectionBeats": 4,
			"gfSection": false,
			"altAnim": false,
			"bpm": 150,
			"changeBPM": false,
			"mustHitSection": true
		},
		{
			"sectionNotes": [],
			"sectionBeats": 4,
			"gfSection": false,
			"altAnim": false,
			"bpm": 150,
			"changeBPM": false,
			"mustHitSection": true
		},
		{
			"sectionNotes": [],
			"sectionBeats": 4,
			"gfSection": false,
			"altAnim": false,
			"bpm": 150,
			"changeBPM": false,
			"mustHitSection": true
		},
		{
			"sectionNotes": [],
			"sectionBeats": 4,
			"gfSection": false,
			"altAnim": false,
			"bpm": 150,
			"changeBPM": false,
			"mustHitSection": true
		},
		{
			"sectionNotes": [],
			"sectionBeats": 4,
			"gfSection": false,
			"altAnim": false,
			"bpm": 150,
			"changeBPM": false,
			"mustHitSection": true
		},
		{
			"sectionNotes": [],
			"sectionBeats": 4,
			"gfSection": false,
			"altAnim": false,
			"bpm": 150,
			"changeBPM": false,
			"mustHitSection": true
		},
		{
			"sectionNotes": [],
			"sectionBeats": 4,
			"gfSection": false,
			"altAnim": false,
			"bpm": 150,
			"changeBPM": false,
			"mustHitSection": true
		},
		{
			"sectionNotes": [],
			"sectionBeats": 4,
			"gfSection": false,
			"altAnim": false,
			"bpm": 150,
			"changeBPM": false,
			"mustHitSection": true
		},
		{
			"sectionNotes": [],
			"sectionBeats": 4,
			"gfSection": false,
			"altAnim": false,
			"bpm": 150,
			"changeBPM": false,
			"mustHitSection": true
		},
		{
			"sectionNotes": [],
			"sectionBeats": 4,
			"gfSection": false,
			"altAnim": false,
			"bpm": 150,
			"changeBPM": false,
			"mustHitSection": true
		},
		{
			"sectionNotes": [],
			"sectionBeats": 4,
			"gfSection": false,
			"altAnim": false,
			"bpm": 150,
			"changeBPM": false,
			"mustHitSection": true
		},
		{
			"sectionNotes": [],
			"sectionBeats": 4,
			"gfSection": false,
			"altAnim": false,
			"bpm": 150,
			"changeBPM": false,
			"mustHitSection": true
		},
		{
			"sectionNotes": [],
			"sectionBeats": 4,
			"gfSection": false,
			"altAnim": false,
			"bpm": 150,
			"changeBPM": false,
			"mustHitSection": true
		},
		{
			"sectionNotes": [],
			"sectionBeats": 4,
			"gfSection": false,
			"altAnim": false,
			"bpm": 150,
			"changeBPM": false,
			"mustHitSection": true
		},
		{
			"sectionNotes": [],
			"sectionBeats": 4,
			"gfSection": false,
			"altAnim": false,
			"bpm": 150,
			"changeBPM": false,
			"mustHitSection": true
		},
		{
			"sectionNotes": [],
			"sectionBeats": 4,
			"gfSection": false,
			"altAnim": false,
			"bpm": 150,
			"changeBPM": false,
			"mustHitSection": true
		},
		{
			"sectionNotes": [],
			"sectionBeats": 4,
			"gfSection": false,
			"altAnim": false,
			"bpm": 150,
			"changeBPM": false,
			"mustHitSection": true
		},
		{
			"sectionNotes": [],
			"sectionBeats": 4,
			"gfSection": false,
			"altAnim": false,
			"bpm": 150,
			"changeBPM": false,
			"mustHitSection": true
		},
		{
			"sectionNotes": [],
			"sectionBeats": 4,
			"gfSection": false,
			"altAnim": false,
			"bpm": 150,
			"changeBPM": false,
			"mustHitSection": true
		},
		{
			"sectionNotes": [],
			"sectionBeats": 4,
			"gfSection": false,
			"altAnim": false,
			"bpm": 150,
			"changeBPM": false,
			"mustHitSection": true
		},
		{
			"sectionNotes": [],
			"sectionBeats": 4,
			"gfSection": false,
			"altAnim": false,
			"bpm": 150,
			"changeBPM": false,
			"mustHitSection": true
		},
		{
			"sectionNotes": [],
			"sectionBeats": 4,
			"gfSection": false,
			"altAnim": false,
			"bpm": 150,
			"changeBPM": false,
			"mustHitSection": true
		},
		{
			"sectionNotes": [],
			"sectionBeats": 4,
			"gfSection": false,
			"altAnim": false,
			"bpm": 150,
			"changeBPM": false,
			"mustHitSection": true
		},
		{
			"sectionNotes": [],
			"sectionBeats": 4,
			"gfSection": false,
			"altAnim": false,
			"bpm": 150,
			"changeBPM": false,
			"mustHitSection": true
		},
		{
			"sectionNotes": [],
			"sectionBeats": 4,
			"gfSection": false,
			"altAnim": false,
			"bpm": 150,
			"changeBPM": false,
			"mustHitSection": true
		},
		{
			"sectionNotes": [],
			"sectionBeats": 4,
			"gfSection": false,
			"altAnim": false,
			"bpm": 150,
			"changeBPM": false,
			"mustHitSection": true
		},
		{
			"sectionNotes": [],
			"sectionBeats": 4,
			"gfSection": false,
			"altAnim": false,
			"bpm": 150,
			"changeBPM": false,
			"mustHitSection": true
		},
		{
			"sectionNotes": [],
			"sectionBeats": 4,
			"gfSection": false,
			"altAnim": false,
			"bpm": 150,
			"changeBPM": false,
			"mustHitSection": true
		},
		{
			"sectionNotes": [],
			"sectionBeats": 4,
			"gfSection": false,
			"altAnim": false,
			"bpm": 150,
			"changeBPM": false,
			"mustHitSection": true
		},
		{
			"sectionNotes": [],
			"sectionBeats": 4,
			"gfSection": false,
			"altAnim": false,
			"bpm": 150,
			"changeBPM": false,
			"mustHitSection": true
		},
		{
			"sectionNotes": [],
			"sectionBeats": 4,
			"gfSection": false,
			"altAnim": false,
			"bpm": 150,
			"changeBPM": false,
			"mustHitSection": true
		},
		{
			"sectionNotes": [],
			"sectionBeats": 4,
			"gfSection": false,
			"altAnim": false,
			"bpm": 150,
			"changeBPM": false,
			"mustHitSection": true
		},
		{
			"sectionNotes": [],
			"sectionBeats": 4,
			"gfSection": false,
			"altAnim": false,
			"bpm": 150,
			"changeBPM": false,
			"mustHitSection": true
		},
		{
			"sectionNotes": [],
			"sectionBeats": 4,
			"gfSection": false,
			"altAnim": false,
			"bpm": 150,
			"changeBPM": false,
			"mustHitSection": true
		},
		{
			"sectionNotes": [],
			"sectionBeats": 4,
			"gfSection": false,
			"altAnim": false,
			"bpm": 150,
			"changeBPM": false,
			"mustHitSection": true
		},
		{
			"sectionNotes": [],
			"sectionBeats": 4,
			"gfSection": false,
			"altAnim": false,
			"bpm": 150,
			"changeBPM": false,
			"mustHitSection": true
		},
		{
			"sectionNotes": [],
			"sectionBeats": 4,
			"gfSection": false,
			"altAnim": false,
			"bpm": 150,
			"changeBPM": false,
			"mustHitSection": true
		},
		{
			"sectionNotes": [],
			"sectionBeats": 4,
			"gfSection": false,
			"altAnim": false,
			"bpm": 150,
			"changeBPM": false,
			"mustHitSection": true
		},
		{
			"sectionNotes": [],
			"sectionBeats": 4,
			"gfSection": false,
			"altAnim": false,
			"bpm": 150,
			"changeBPM": false,
			"mustHitSection": true
		},
		{
			"sectionNotes": [],
			"sectionBeats": 4,
			"gfSection": false,
			"altAnim": false,
			"bpm": 150,
			"changeBPM": false,
			"mustHitSection": true
		},
		{
			"sectionNotes": [],
			"sectionBeats": 4,
			"gfSection": false,
			"altAnim": false,
			"bpm": 150,
			"changeBPM": false,
			"mustHitSection": true
		},
		{
			"sectionNotes": [],
			"sectionBeats": 4,
			"gfSection": false,
			"altAnim": false,
			"bpm": 150,
			"changeBPM": false,
			"mustHitSection": true
		},
		{
			"sectionNotes": [],
			"sectionBeats": 4,
			"gfSection": false,
			"altAnim": false,
			"bpm": 150,
			"changeBPM": false,
			"mustHitSection": true
		},
		{
			"sectionNotes": [],
			"sectionBeats": 4,
			"gfSection": false,
			"altAnim": false,
			"bpm": 150,
			"changeBPM": false,
			"mustHitSection": true
		},
		{
			"sectionNotes": [],
			"sectionBeats": 4,
			"gfSection": false,
			"altAnim": false,
			"bpm": 150,
			"changeBPM": false,
			"mustHitSection": true
		},
		{
			"sectionNotes": [],
			"sectionBeats": 4,
			"gfSection": false,
			"altAnim": false,
			"bpm": 150,
			"changeBPM": false,
			"mustHitSection": true
		},
		{
			"sectionNotes": [],
			"sectionBeats": 4,
			"gfSection": false,
			"altAnim": false,
			"bpm": 150,
			"changeBPM": false,
			"mustHitSection": true
		},
		{
			"sectionNotes": [],
			"sectionBeats": 4,
			"gfSection": false,
			"altAnim": false,
			"bpm": 150,
			"changeBPM": false,
			"mustHitSection": true
		},
		{
			"sectionNotes": [],
			"sectionBeats": 4,
			"gfSection": false,
			"altAnim": false,
			"bpm": 150,
			"changeBPM": false,
			"mustHitSection": true
		},
		{
			"sectionNotes": [],
			"sectionBeats": 4,
			"gfSection": false,
			"altAnim": false,
			"bpm": 150,
			"changeBPM": false,
			"mustHitSection": true
		},
		{
			"sectionNotes": [],
			"sectionBeats": 4,
			"gfSection": false,
			"altAnim": false,
			"bpm": 150,
			"changeBPM": false,
			"mustHitSection": true
		},
		{
			"sectionNotes": [],
			"sectionBeats": 4,
			"gfSection": false,
			"altAnim": false,
			"bpm": 150,
			"changeBPM": false,
			"mustHitSection": true
		},
		{
			"sectionNotes": [],
			"sectionBeats": 4,
			"gfSection": false,
			"altAnim": false,
			"bpm": 150,
			"changeBPM": false,
			"mustHitSection": true
		},
		{
			"sectionNotes": [],
			"sectionBeats": 4,
			"gfSection": false,
			"altAnim": false,
			"bpm": 150,
			"changeBPM": false,
			"mustHitSection": true
		},
		{
			"sectionNotes": [],
			"sectionBeats": 4,
			"gfSection": false,
			"altAnim": false,
			"bpm": 150,
			"changeBPM": false,
			"mustHitSection": true
		},
		{
			"sectionNotes": [],
			"sectionBeats": 4,
			"gfSection": false,
			"altAnim": false,
			"bpm": 150,
			"changeBPM": false,
			"mustHitSection": true
		},
		{
			"sectionNotes": [],
			"sectionBeats": 4,
			"gfSection": false,
			"altAnim": false,
			"bpm": 150,
			"changeBPM": false,
			"mustHitSection": true
		},
		{
			"sectionNotes": [],
			"sectionBeats": 4,
			"gfSection": false,
			"altAnim": false,
			"bpm": 150,
			"changeBPM": false,
			"mustHitSection": true
		},
		{
			"sectionNotes": [],
			"sectionBeats": 4,
			"gfSection": false,
			"altAnim": false,
			"bpm": 150,
			"changeBPM": false,
			"mustHitSection": true
		},
		{
			"sectionNotes": [],
			"sectionBeats": 4,
			"gfSection": false,
			"altAnim": false,
			"bpm": 150,
			"changeBPM": false,
			"mustHitSection": true
		},
		{
			"sectionNotes": [],
			"sectionBeats": 4,
			"gfSection": false,
			"altAnim": false,
			"bpm": 150,
			"changeBPM": false,
			"mustHitSection": true
		},
		{
			"gfSection": false,
			"altAnim": false,
			"sectionNotes": [],
			"bpm": 150,
			"sectionBeats": 4,
			"changeBPM": false,
			"mustHitSection": true
		},
		{
			"gfSection": false,
			"altAnim": false,
			"sectionNotes": [],
			"bpm": 150,
			"sectionBeats": 4,
			"changeBPM": false,
			"mustHitSection": true
		},
		{
			"gfSection": false,
			"altAnim": false,
			"sectionNotes": [],
			"bpm": 150,
			"sectionBeats": 4,
			"changeBPM": false,
			"mustHitSection": true
		},
		{
			"gfSection": false,
			"altAnim": false,
			"sectionNotes": [],
			"bpm": 150,
			"sectionBeats": 4,
			"changeBPM": false,
			"mustHitSection": true
		},
		{
			"gfSection": false,
			"altAnim": false,
			"sectionNotes": [],
			"bpm": 150,
			"sectionBeats": 4,
			"changeBPM": false,
			"mustHitSection": true
		},
		{
			"gfSection": false,
			"altAnim": false,
			"sectionNotes": [],
			"bpm": 150,
			"sectionBeats": 4,
			"changeBPM": false,
			"mustHitSection": true
		},
		{
			"gfSection": false,
			"altAnim": false,
			"sectionNotes": [],
			"bpm": 150,
			"sectionBeats": 4,
			"changeBPM": false,
			"mustHitSection": true
		},
		{
			"gfSection": false,
			"altAnim": false,
			"sectionNotes": [],
			"bpm": 150,
			"sectionBeats": 4,
			"changeBPM": false,
			"mustHitSection": true
		}
	],
	"gfVersion": "gf",
	"offset": 0,
	"gameOverChar": "dead-bf-back",
	"song": "Facade",
	"stage": "shadowLocked",
	"needsVoices": true,
	"format": "psych_v1",
	"speed": 1.5,
	"bpm": 125
}