{
	"player1": "bf-back",
	"gfVersion": "gf",
	"notes": [
		{
			"sectionNotes": [],
			"sectionBeats": 4,
			"gfSection": false,
			"altAnim": false,
			"bpm": 150,
			"changeBPM": false,
			"mustHitSection": true
		},
		{
			"sectionBeats": 4,
			"sectionNotes": [],
			"gfSection": false,
			"altAnim": false,
			"mustHitSection": true,
			"changeBPM": false,
			"bpm": 150
		},
		{
			"sectionBeats": 4,
			"sectionNotes": [],
			"gfSection": false,
			"altAnim": false,
			"mustHitSection": true,
			"changeBPM": false,
			"bpm": 150
		},
		{
			"sectionBeats": 4,
			"sectionNotes": [],
			"gfSection": false,
			"altAnim": false,
			"mustHitSection": true,
			"changeBPM": false,
			"bpm": 150
		},
		{
			"sectionBeats": 4,
			"sectionNotes": [],
			"gfSection": false,
			"altAnim": false,
			"mustHitSection": true,
			"changeBPM": false,
			"bpm": 150
		},
		{
			"sectionBeats": 4,
			"sectionNotes": [],
			"gfSection": false,
			"altAnim": false,
			"mustHitSection": true,
			"changeBPM": false,
			"bpm": 150
		},
		{
			"sectionBeats": 4,
			"sectionNotes": [],
			"gfSection": false,
			"altAnim": false,
			"mustHitSection": true,
			"changeBPM": false,
			"bpm": 150
		},
		{
			"sectionBeats": 4,
			"sectionNotes": [],
			"gfSection": false,
			"altAnim": false,
			"mustHitSection": true,
			"changeBPM": false,
			"bpm": 150
		},
		{
			"sectionBeats": 4,
			"sectionNotes": [
				[15360, 1, 1071.42857142857],
				[16800, 2, 375]
			],
			"gfSection": false,
			"altAnim": false,
			"mustHitSection": true,
			"changeBPM": false,
			"bpm": 150
		},
		{
			"sectionBeats": 4,
			"sectionNotes": [
				[17280, 3, 420],
				[17880, 2, 240],
				[18240, 1, 480],
				[18840, 0, 300]
			],
			"gfSection": false,
			"altAnim": false,
			"mustHitSection": true,
			"changeBPM": false,
			"bpm": 150
		},
		{
			"sectionBeats": 4,
			"sectionNotes": [
				[19200, 2, 420],
				[19680, 3, 0],
				[19920, 2, 1140]
			],
			"gfSection": false,
			"altAnim": false,
			"mustHitSection": true,
			"changeBPM": false,
			"bpm": 150
		},
		{
			"sectionBeats": 4,
			"sectionNotes": [
				[21120, 3, 1860]
			],
			"gfSection": false,
			"altAnim": false,
			"mustHitSection": true,
			"changeBPM": false,
			"bpm": 150
		},
		{
			"sectionBeats": 4,
			"sectionNotes": [
				[23040, 1, 1200],
				[24480, 0, 0],
				[24720, 2, 0]
			],
			"gfSection": false,
			"altAnim": false,
			"mustHitSection": true,
			"changeBPM": false,
			"bpm": 150
		},
		{
			"sectionBeats": 4,
			"sectionNotes": [
				[24960, 1, 0],
				[25440, 3, 0],
				[25680, 3, 0],
				[25920, 1, 420],
				[26400, 0, 300]
			],
			"gfSection": false,
			"altAnim": false,
			"mustHitSection": true,
			"changeBPM": false,
			"bpm": 150
		},
		{
			"sectionBeats": 4,
			"sectionNotes": [
				[26880, 1, 420],
				[27360, 2, 0],
				[27600, 1, 0],
				[27840, 3, 0],
				[28080, 1, 0],
				[28320, 0, 0],
				[28560, 3, 0]
			],
			"gfSection": false,
			"altAnim": false,
			"mustHitSection": true,
			"changeBPM": false,
			"bpm": 150
		},
		{
			"sectionBeats": 4,
			"sectionNotes": [
				[28800, 1, 420],
				[29280, 3, 420],
				[29760, 1, 600],
				[30240, 3, 300],
				[30600, 2, 0]
			],
			"gfSection": false,
			"altAnim": false,
			"mustHitSection": true,
			"changeBPM": false,
			"bpm": 150
		},
		{
			"sectionBeats": 4,
			"sectionNotes": [
				[30720, 1, 3631.57894736842]
			],
			"gfSection": false,
			"altAnim": false,
			"mustHitSection": true,
			"changeBPM": true,
			"bpm": 95
		},
		{
			"sectionBeats": 4,
			"sectionNotes": [],
			"gfSection": false,
			"altAnim": false,
			"mustHitSection": true,
			"changeBPM": true,
			"bpm": 70
		},
		{
			"sectionBeats": 4,
			"sectionNotes": [
				[36674.8872180451, 5, 0],
				[36889.1729323308, 7, 0],
				[36996.3157894737, 4, 0],
				[37103.4586466165, 7, 0],
				[37210.6015037594, 6, 0],
				[37424.8872180451, 5, 0],
				[37639.1729323308, 7, 0],
				[37746.3157894737, 5, 0],
				[37853.4586466165, 4, 0],
				[37960.6015037594, 7, 0],
				[38067.7443609023, 5, 0],
				[38174.8872180451, 6, 0]
			],
			"gfSection": false,
			"altAnim": false,
			"mustHitSection": false,
			"changeBPM": true,
			"bpm": 140
		},
		{
			"sectionBeats": 4,
			"sectionNotes": [
				[38389.1729323308, 5, 0],
				[38603.4586466165, 7, 0],
				[38710.6015037594, 4, 0],
				[38817.7443609022, 7, 0],
				[39032.030075188, 5, 0],
				[39246.3157894737, 7, 0],
				[39460.6015037594, 5, 0],
				[39621.3157894737, 4, 0],
				[39782.030075188, 7, 0],
				[39889.1729323308, 4, 0],
				[39996.3157894737, 6, 0]
			],
			"gfSection": false,
			"altAnim": false,
			"mustHitSection": false,
			"changeBPM": false,
			"bpm": 150
		},
		{
			"sectionBeats": 4,
			"sectionNotes": [
				[40103.4586466165, 5, 0],
				[40317.7443609022, 7, 0],
				[40424.8872180451, 4, 0],
				[40532.0300751879, 7, 0],
				[40746.3157894737, 5, 0],
				[40960.6015037594, 7, 0],
				[41174.8872180451, 5, 0],
				[41335.6015037594, 4, 0],
				[41496.3157894737, 7, 0],
				[41603.4586466165, 4, 0],
				[41710.6015037594, 6, 0]
			],
			"gfSection": false,
			"altAnim": false,
			"mustHitSection": true,
			"changeBPM": false,
			"bpm": 150
		},
		{
			"sectionBeats": 4,
			"sectionNotes": [],
			"gfSection": false,
			"altAnim": false,
			"mustHitSection": false,
			"changeBPM": false,
			"bpm": 150
		},
		{
			"sectionBeats": 4,
			"sectionNotes": [
				[43532.030075188, 1, 0],
				[43746.3157894737, 3, 0],
				[43853.4586466166, 0, 0],
				[43960.6015037594, 3, 0],
				[44067.7443609023, 2, 0],
				[44282.030075188, 1, 0],
				[44496.3157894737, 3, 0],
				[44603.4586466166, 1, 0],
				[44710.6015037594, 0, 0],
				[44817.7443609023, 3, 0],
				[44924.8872180451, 1, 0],
				[45032.030075188, 2, 0]
			],
			"gfSection": false,
			"altAnim": false,
			"mustHitSection": true,
			"changeBPM": false,
			"bpm": 150
		},
		{
			"sectionBeats": 4,
			"sectionNotes": [
				[45246.3157894737, 1, 0],
				[45460.6015037594, 3, 0],
				[45567.7443609023, 0, 0],
				[45674.8872180451, 3, 0],
				[45782.030075188, 2, 0],
				[45996.3157894737, 1, 0],
				[46210.6015037594, 3, 0],
				[46317.7443609023, 1, 0],
				[46424.8872180451, 0, 0],
				[46532.030075188, 3, 0],
				[46639.1729323308, 1, 0],
				[46746.3157894737, 2, 0]
			],
			"gfSection": false,
			"altAnim": false,
			"mustHitSection": true,
			"changeBPM": false,
			"bpm": 150
		},
		{
			"sectionBeats": 4,
			"sectionNotes": [
				[46960.6015037594, 1, 0],
				[47067.7443609023, 3, 0],
				[47282.030075188, 3, 0],
				[47389.1729323308, 2, 0],
				[47603.4586466166, 0, 0],
				[47817.7443609023, 1, 107.142857142857],
				[47924.8872180451, 2, 107.142857142857],
				[48139.1729323308, 3, 0]
			],
			"gfSection": false,
			"altAnim": false,
			"mustHitSection": true,
			"changeBPM": false,
			"bpm": 150
		},
		{
			"sectionBeats": 4,
			"sectionNotes": [],
			"gfSection": false,
			"altAnim": false,
			"mustHitSection": true,
			"changeBPM": false,
			"bpm": 150
		},
		{
			"sectionBeats": 4,
			"sectionNotes": [],
			"gfSection": false,
			"altAnim": false,
			"mustHitSection": true,
			"changeBPM": false,
			"bpm": 150
		},
		{
			"sectionBeats": 4,
			"sectionNotes": [],
			"gfSection": false,
			"altAnim": false,
			"mustHitSection": true,
			"changeBPM": false,
			"bpm": 150
		},
		{
			"sectionBeats": 4,
			"sectionNotes": [],
			"gfSection": false,
			"altAnim": false,
			"mustHitSection": true,
			"changeBPM": false,
			"bpm": 150
		},
		{
			"sectionBeats": 4,
			"sectionNotes": [],
			"gfSection": false,
			"altAnim": false,
			"mustHitSection": true,
			"changeBPM": false,
			"bpm": 150
		},
		{
			"sectionBeats": 4,
			"sectionNotes": [],
			"gfSection": false,
			"altAnim": false,
			"mustHitSection": true,
			"changeBPM": false,
			"bpm": 150
		},
		{
			"sectionBeats": 4,
			"sectionNotes": [],
			"gfSection": false,
			"altAnim": false,
			"mustHitSection": true,
			"changeBPM": false,
			"bpm": 150
		},
		{
			"sectionBeats": 4,
			"sectionNotes": [],
			"gfSection": false,
			"altAnim": false,
			"mustHitSection": true,
			"changeBPM": false,
			"bpm": 150
		},
		{
			"sectionBeats": 4,
			"sectionNotes": [],
			"gfSection": false,
			"altAnim": false,
			"mustHitSection": true,
			"changeBPM": false,
			"bpm": 150
		},
		{
			"sectionBeats": 4,
			"sectionNotes": [],
			"gfSection": false,
			"altAnim": false,
			"mustHitSection": true,
			"changeBPM": false,
			"bpm": 150
		},
		{
			"sectionBeats": 4,
			"sectionNotes": [],
			"gfSection": false,
			"altAnim": false,
			"mustHitSection": true,
			"changeBPM": false,
			"bpm": 150
		},
		{
			"sectionBeats": 4,
			"sectionNotes": [],
			"gfSection": false,
			"altAnim": false,
			"mustHitSection": true,
			"changeBPM": false,
			"bpm": 150
		},
		{
			"sectionBeats": 4,
			"sectionNotes": [],
			"gfSection": false,
			"altAnim": false,
			"mustHitSection": true,
			"changeBPM": false,
			"bpm": 150
		},
		{
			"sectionBeats": 4,
			"sectionNotes": [],
			"gfSection": false,
			"altAnim": false,
			"mustHitSection": true,
			"changeBPM": false,
			"bpm": 150
		},
		{
			"sectionBeats": 4,
			"sectionNotes": [],
			"gfSection": false,
			"altAnim": false,
			"mustHitSection": true,
			"changeBPM": false,
			"bpm": 150
		},
		{
			"sectionBeats": 4,
			"sectionNotes": [],
			"gfSection": false,
			"altAnim": false,
			"mustHitSection": true,
			"changeBPM": false,
			"bpm": 150
		},
		{
			"sectionBeats": 4,
			"sectionNotes": [],
			"gfSection": false,
			"altAnim": false,
			"mustHitSection": true,
			"changeBPM": false,
			"bpm": 150
		},
		{
			"sectionBeats": 4,
			"sectionNotes": [],
			"gfSection": false,
			"altAnim": false,
			"mustHitSection": true,
			"changeBPM": false,
			"bpm": 150
		},
		{
			"sectionBeats": 4,
			"sectionNotes": [],
			"gfSection": false,
			"altAnim": false,
			"mustHitSection": true,
			"changeBPM": false,
			"bpm": 150
		},
		{
			"sectionBeats": 4,
			"sectionNotes": [],
			"gfSection": false,
			"altAnim": false,
			"mustHitSection": true,
			"changeBPM": false,
			"bpm": 150
		},
		{
			"sectionBeats": 4,
			"sectionNotes": [],
			"gfSection": false,
			"altAnim": false,
			"mustHitSection": true,
			"changeBPM": false,
			"bpm": 150
		},
		{
			"sectionBeats": 4,
			"sectionNotes": [],
			"gfSection": false,
			"altAnim": false,
			"mustHitSection": true,
			"changeBPM": false,
			"bpm": 150
		},
		{
			"sectionBeats": 4,
			"sectionNotes": [],
			"gfSection": false,
			"altAnim": false,
			"mustHitSection": true,
			"changeBPM": false,
			"bpm": 150
		},
		{
			"sectionBeats": 4,
			"sectionNotes": [],
			"gfSection": false,
			"altAnim": false,
			"mustHitSection": true,
			"changeBPM": false,
			"bpm": 150
		},
		{
			"sectionBeats": 4,
			"sectionNotes": [],
			"gfSection": false,
			"altAnim": false,
			"mustHitSection": true,
			"changeBPM": false,
			"bpm": 150
		},
		{
			"sectionBeats": 4,
			"sectionNotes": [],
			"gfSection": false,
			"altAnim": false,
			"mustHitSection": true,
			"changeBPM": false,
			"bpm": 150
		},
		{
			"sectionBeats": 4,
			"sectionNotes": [],
			"gfSection": false,
			"altAnim": false,
			"mustHitSection": true,
			"changeBPM": false,
			"bpm": 150
		},
		{
			"sectionBeats": 4,
			"sectionNotes": [],
			"gfSection": false,
			"altAnim": false,
			"mustHitSection": true,
			"changeBPM": false,
			"bpm": 150
		},
		{
			"sectionBeats": 4,
			"sectionNotes": [],
			"gfSection": false,
			"altAnim": false,
			"mustHitSection": true,
			"changeBPM": false,
			"bpm": 150
		},
		{
			"sectionBeats": 4,
			"sectionNotes": [],
			"gfSection": false,
			"altAnim": false,
			"mustHitSection": true,
			"changeBPM": false,
			"bpm": 150
		},
		{
			"sectionBeats": 4,
			"sectionNotes": [],
			"gfSection": false,
			"altAnim": false,
			"mustHitSection": true,
			"changeBPM": false,
			"bpm": 150
		},
		{
			"sectionBeats": 4,
			"sectionNotes": [],
			"gfSection": false,
			"altAnim": false,
			"mustHitSection": true,
			"changeBPM": false,
			"bpm": 150
		},
		{
			"sectionBeats": 4,
			"sectionNotes": [],
			"gfSection": false,
			"altAnim": false,
			"mustHitSection": true,
			"changeBPM": false,
			"bpm": 150
		},
		{
			"sectionBeats": 4,
			"sectionNotes": [],
			"gfSection": false,
			"altAnim": false,
			"mustHitSection": true,
			"changeBPM": false,
			"bpm": 150
		},
		{
			"sectionBeats": 4,
			"sectionNotes": [],
			"gfSection": false,
			"altAnim": false,
			"mustHitSection": true,
			"changeBPM": false,
			"bpm": 150
		},
		{
			"sectionBeats": 4,
			"sectionNotes": [],
			"gfSection": false,
			"altAnim": false,
			"mustHitSection": true,
			"changeBPM": false,
			"bpm": 150
		},
		{
			"sectionBeats": 4,
			"sectionNotes": [],
			"gfSection": false,
			"altAnim": false,
			"mustHitSection": true,
			"changeBPM": false,
			"bpm": 150
		},
		{
			"sectionBeats": 4,
			"sectionNotes": [],
			"gfSection": false,
			"altAnim": false,
			"mustHitSection": true,
			"changeBPM": false,
			"bpm": 150
		},
		{
			"sectionBeats": 4,
			"sectionNotes": [],
			"gfSection": false,
			"altAnim": false,
			"mustHitSection": true,
			"changeBPM": false,
			"bpm": 150
		},
		{
			"sectionBeats": 4,
			"sectionNotes": [],
			"gfSection": false,
			"altAnim": false,
			"mustHitSection": true,
			"changeBPM": false,
			"bpm": 150
		},
		{
			"sectionBeats": 4,
			"sectionNotes": [],
			"gfSection": false,
			"altAnim": false,
			"mustHitSection": true,
			"changeBPM": false,
			"bpm": 150
		},
		{
			"sectionBeats": 4,
			"sectionNotes": [],
			"gfSection": false,
			"altAnim": false,
			"mustHitSection": true,
			"changeBPM": false,
			"bpm": 150
		},
		{
			"sectionBeats": 4,
			"sectionNotes": [],
			"gfSection": false,
			"altAnim": false,
			"mustHitSection": true,
			"changeBPM": false,
			"bpm": 150
		},
		{
			"sectionBeats": 4,
			"sectionNotes": [],
			"gfSection": false,
			"altAnim": false,
			"mustHitSection": true,
			"changeBPM": false,
			"bpm": 150
		},
		{
			"sectionBeats": 4,
			"sectionNotes": [],
			"gfSection": false,
			"altAnim": false,
			"mustHitSection": true,
			"changeBPM": false,
			"bpm": 150
		},
		{
			"sectionBeats": 4,
			"sectionNotes": [],
			"gfSection": false,
			"altAnim": false,
			"mustHitSection": true,
			"changeBPM": false,
			"bpm": 150
		},
		{
			"sectionBeats": 4,
			"sectionNotes": [],
			"gfSection": false,
			"altAnim": false,
			"mustHitSection": true,
			"changeBPM": false,
			"bpm": 150
		},
		{
			"sectionBeats": 4,
			"sectionNotes": [],
			"gfSection": false,
			"altAnim": false,
			"mustHitSection": true,
			"changeBPM": false,
			"bpm": 150
		},
		{
			"sectionBeats": 4,
			"sectionNotes": [],
			"gfSection": false,
			"altAnim": false,
			"mustHitSection": true,
			"changeBPM": false,
			"bpm": 150
		},
		{
			"sectionBeats": 4,
			"sectionNotes": [],
			"gfSection": false,
			"altAnim": false,
			"mustHitSection": true,
			"changeBPM": false,
			"bpm": 150
		},
		{
			"sectionBeats": 4,
			"sectionNotes": [],
			"gfSection": false,
			"altAnim": false,
			"mustHitSection": true,
			"changeBPM": false,
			"bpm": 150
		},
		{
			"sectionBeats": 4,
			"sectionNotes": [],
			"gfSection": false,
			"altAnim": false,
			"mustHitSection": true,
			"changeBPM": false,
			"bpm": 150
		},
		{
			"sectionBeats": 4,
			"sectionNotes": [],
			"gfSection": false,
			"altAnim": false,
			"mustHitSection": true,
			"changeBPM": false,
			"bpm": 150
		},
		{
			"sectionBeats": 4,
			"sectionNotes": [],
			"gfSection": false,
			"altAnim": false,
			"mustHitSection": true,
			"changeBPM": false,
			"bpm": 150
		},
		{
			"sectionBeats": 4,
			"sectionNotes": [],
			"gfSection": false,
			"altAnim": false,
			"mustHitSection": true,
			"changeBPM": false,
			"bpm": 150
		},
		{
			"sectionBeats": 4,
			"sectionNotes": [],
			"gfSection": false,
			"altAnim": false,
			"mustHitSection": true,
			"changeBPM": false,
			"bpm": 150
		},
		{
			"sectionBeats": 4,
			"sectionNotes": [],
			"gfSection": false,
			"altAnim": false,
			"mustHitSection": true,
			"changeBPM": false,
			"bpm": 150
		},
		{
			"sectionBeats": 4,
			"sectionNotes": [],
			"gfSection": false,
			"altAnim": false,
			"mustHitSection": true,
			"changeBPM": false,
			"bpm": 150
		},
		{
			"sectionBeats": 4,
			"sectionNotes": [],
			"gfSection": false,
			"altAnim": false,
			"mustHitSection": true,
			"changeBPM": false,
			"bpm": 150
		},
		{
			"sectionBeats": 4,
			"sectionNotes": [],
			"gfSection": false,
			"altAnim": false,
			"mustHitSection": true,
			"changeBPM": false,
			"bpm": 150
		},
		{
			"sectionBeats": 4,
			"sectionNotes": [],
			"gfSection": false,
			"altAnim": false,
			"mustHitSection": true,
			"changeBPM": false,
			"bpm": 150
		},
		{
			"sectionBeats": 4,
			"sectionNotes": [],
			"gfSection": false,
			"altAnim": false,
			"mustHitSection": true,
			"changeBPM": false,
			"bpm": 150
		},
		{
			"sectionBeats": 4,
			"sectionNotes": [],
			"gfSection": false,
			"altAnim": false,
			"mustHitSection": true,
			"changeBPM": false,
			"bpm": 150
		},
		{
			"sectionBeats": 4,
			"sectionNotes": [],
			"gfSection": false,
			"altAnim": false,
			"mustHitSection": true,
			"changeBPM": false,
			"bpm": 150
		},
		{
			"sectionBeats": 4,
			"sectionNotes": [],
			"gfSection": false,
			"altAnim": false,
			"mustHitSection": true,
			"changeBPM": false,
			"bpm": 150
		},
		{
			"sectionBeats": 4,
			"sectionNotes": [],
			"gfSection": false,
			"altAnim": false,
			"mustHitSection": true,
			"changeBPM": false,
			"bpm": 150
		},
		{
			"sectionBeats": 4,
			"sectionNotes": [],
			"gfSection": false,
			"altAnim": false,
			"mustHitSection": true,
			"changeBPM": false,
			"bpm": 150
		},
		{
			"sectionBeats": 4,
			"sectionNotes": [],
			"gfSection": false,
			"altAnim": false,
			"mustHitSection": true,
			"changeBPM": false,
			"bpm": 150
		},
		{
			"sectionBeats": 4,
			"sectionNotes": [],
			"gfSection": false,
			"altAnim": false,
			"mustHitSection": true,
			"changeBPM": false,
			"bpm": 150
		},
		{
			"sectionBeats": 4,
			"sectionNotes": [],
			"gfSection": false,
			"altAnim": false,
			"mustHitSection": true,
			"changeBPM": false,
			"bpm": 150
		},
		{
			"sectionBeats": 4,
			"sectionNotes": [],
			"gfSection": false,
			"altAnim": false,
			"mustHitSection": true,
			"changeBPM": false,
			"bpm": 150
		},
		{
			"sectionBeats": 4,
			"sectionNotes": [],
			"gfSection": false,
			"altAnim": false,
			"mustHitSection": true,
			"changeBPM": false,
			"bpm": 150
		},
		{
			"sectionBeats": 4,
			"sectionNotes": [],
			"gfSection": false,
			"altAnim": false,
			"mustHitSection": true,
			"changeBPM": false,
			"bpm": 150
		},
		{
			"sectionBeats": 4,
			"sectionNotes": [],
			"gfSection": false,
			"altAnim": false,
			"mustHitSection": true,
			"changeBPM": false,
			"bpm": 150
		},
		{
			"sectionBeats": 4,
			"sectionNotes": [],
			"gfSection": false,
			"altAnim": false,
			"mustHitSection": true,
			"changeBPM": false,
			"bpm": 150
		},
		{
			"sectionBeats": 4,
			"sectionNotes": [],
			"gfSection": false,
			"altAnim": false,
			"mustHitSection": true,
			"changeBPM": false,
			"bpm": 150
		},
		{
			"sectionBeats": 4,
			"sectionNotes": [],
			"gfSection": false,
			"altAnim": false,
			"mustHitSection": true,
			"changeBPM": false,
			"bpm": 150
		},
		{
			"sectionBeats": 4,
			"sectionNotes": [],
			"gfSection": false,
			"altAnim": false,
			"mustHitSection": true,
			"changeBPM": false,
			"bpm": 150
		},
		{
			"sectionBeats": 4,
			"sectionNotes": [],
			"gfSection": false,
			"altAnim": false,
			"mustHitSection": true,
			"changeBPM": false,
			"bpm": 150
		},
		{
			"sectionBeats": 4,
			"sectionNotes": [],
			"gfSection": false,
			"altAnim": false,
			"mustHitSection": true,
			"changeBPM": false,
			"bpm": 150
		},
		{
			"sectionBeats": 4,
			"sectionNotes": [],
			"gfSection": false,
			"altAnim": false,
			"mustHitSection": true,
			"changeBPM": false,
			"bpm": 150
		},
		{
			"sectionBeats": 4,
			"sectionNotes": [],
			"gfSection": false,
			"altAnim": false,
			"mustHitSection": true,
			"changeBPM": false,
			"bpm": 150
		},
		{
			"sectionBeats": 4,
			"sectionNotes": [],
			"gfSection": false,
			"altAnim": false,
			"mustHitSection": true,
			"changeBPM": false,
			"bpm": 150
		},
		{
			"sectionBeats": 4,
			"sectionNotes": [],
			"gfSection": false,
			"altAnim": false,
			"mustHitSection": true,
			"changeBPM": false,
			"bpm": 150
		},
		{
			"sectionBeats": 4,
			"sectionNotes": [],
			"gfSection": false,
			"altAnim": false,
			"mustHitSection": true,
			"changeBPM": false,
			"bpm": 150
		},
		{
			"sectionBeats": 4,
			"sectionNotes": [],
			"gfSection": false,
			"altAnim": false,
			"mustHitSection": true,
			"changeBPM": false,
			"bpm": 150
		},
		{
			"sectionBeats": 4,
			"sectionNotes": [],
			"gfSection": false,
			"altAnim": false,
			"mustHitSection": true,
			"changeBPM": false,
			"bpm": 150
		},
		{
			"sectionBeats": 4,
			"sectionNotes": [],
			"gfSection": false,
			"altAnim": false,
			"mustHitSection": true,
			"changeBPM": false,
			"bpm": 150
		},
		{
			"sectionBeats": 4,
			"sectionNotes": [],
			"gfSection": false,
			"altAnim": false,
			"mustHitSection": true,
			"changeBPM": false,
			"bpm": 150
		},
		{
			"sectionBeats": 4,
			"sectionNotes": [],
			"gfSection": false,
			"altAnim": false,
			"mustHitSection": true,
			"changeBPM": false,
			"bpm": 150
		},
		{
			"sectionBeats": 4,
			"sectionNotes": [],
			"gfSection": false,
			"altAnim": false,
			"mustHitSection": true,
			"changeBPM": false,
			"bpm": 150
		},
		{
			"sectionBeats": 4,
			"sectionNotes": [],
			"gfSection": false,
			"altAnim": false,
			"mustHitSection": true,
			"changeBPM": false,
			"bpm": 150
		},
		{
			"sectionBeats": 4,
			"sectionNotes": [],
			"gfSection": false,
			"altAnim": false,
			"mustHitSection": true,
			"changeBPM": false,
			"bpm": 150
		},
		{
			"sectionBeats": 4,
			"sectionNotes": [],
			"gfSection": false,
			"altAnim": false,
			"mustHitSection": true,
			"changeBPM": false,
			"bpm": 150
		},
		{
			"sectionBeats": 4,
			"sectionNotes": [],
			"gfSection": false,
			"altAnim": false,
			"mustHitSection": true,
			"changeBPM": false,
			"bpm": 150
		},
		{
			"sectionBeats": 4,
			"sectionNotes": [],
			"gfSection": false,
			"altAnim": false,
			"mustHitSection": true,
			"changeBPM": false,
			"bpm": 150
		},
		{
			"sectionBeats": 4,
			"sectionNotes": [],
			"gfSection": false,
			"altAnim": false,
			"mustHitSection": true,
			"changeBPM": false,
			"bpm": 150
		},
		{
			"sectionBeats": 4,
			"sectionNotes": [],
			"gfSection": false,
			"altAnim": false,
			"mustHitSection": true,
			"changeBPM": false,
			"bpm": 150
		},
		{
			"sectionBeats": 4,
			"sectionNotes": [],
			"gfSection": false,
			"altAnim": false,
			"mustHitSection": true,
			"changeBPM": false,
			"bpm": 150
		},
		{
			"sectionBeats": 4,
			"sectionNotes": [],
			"gfSection": false,
			"altAnim": false,
			"mustHitSection": true,
			"changeBPM": false,
			"bpm": 150
		},
		{
			"sectionBeats": 4,
			"sectionNotes": [],
			"gfSection": false,
			"altAnim": false,
			"mustHitSection": true,
			"changeBPM": false,
			"bpm": 150
		},
		{
			"sectionBeats": 4,
			"sectionNotes": [],
			"gfSection": false,
			"altAnim": false,
			"mustHitSection": true,
			"changeBPM": false,
			"bpm": 150
		},
		{
			"sectionBeats": 4,
			"sectionNotes": [],
			"gfSection": false,
			"altAnim": false,
			"mustHitSection": true,
			"changeBPM": false,
			"bpm": 150
		},
		{
			"sectionBeats": 4,
			"sectionNotes": [],
			"gfSection": false,
			"altAnim": false,
			"mustHitSection": true,
			"changeBPM": false,
			"bpm": 150
		},
		{
			"sectionBeats": 4,
			"sectionNotes": [],
			"gfSection": false,
			"altAnim": false,
			"mustHitSection": true,
			"changeBPM": false,
			"bpm": 150
		},
		{
			"sectionBeats": 4,
			"sectionNotes": [],
			"gfSection": false,
			"altAnim": false,
			"mustHitSection": true,
			"changeBPM": false,
			"bpm": 150
		},
		{
			"sectionBeats": 4,
			"sectionNotes": [],
			"gfSection": false,
			"altAnim": false,
			"mustHitSection": true,
			"changeBPM": false,
			"bpm": 150
		},
		{
			"sectionBeats": 4,
			"sectionNotes": [],
			"gfSection": false,
			"altAnim": false,
			"mustHitSection": true,
			"changeBPM": false,
			"bpm": 150
		},
		{
			"sectionBeats": 4,
			"sectionNotes": [],
			"gfSection": false,
			"altAnim": false,
			"mustHitSection": true,
			"changeBPM": false,
			"bpm": 150
		},
		{
			"sectionBeats": 4,
			"sectionNotes": [],
			"gfSection": false,
			"altAnim": false,
			"mustHitSection": true,
			"changeBPM": false,
			"bpm": 150
		},
		{
			"sectionBeats": 4,
			"sectionNotes": [],
			"gfSection": false,
			"altAnim": false,
			"mustHitSection": true,
			"changeBPM": false,
			"bpm": 150
		},
		{
			"sectionBeats": 4,
			"sectionNotes": [],
			"gfSection": false,
			"altAnim": false,
			"mustHitSection": true,
			"changeBPM": false,
			"bpm": 150
		},
		{
			"sectionBeats": 4,
			"sectionNotes": [],
			"gfSection": false,
			"altAnim": false,
			"mustHitSection": true,
			"changeBPM": false,
			"bpm": 150
		},
		{
			"sectionBeats": 4,
			"sectionNotes": [],
			"gfSection": false,
			"altAnim": false,
			"mustHitSection": true,
			"changeBPM": false,
			"bpm": 150
		},
		{
			"sectionBeats": 4,
			"sectionNotes": [],
			"gfSection": false,
			"altAnim": false,
			"mustHitSection": true,
			"changeBPM": false,
			"bpm": 150
		},
		{
			"sectionBeats": 4,
			"sectionNotes": [],
			"gfSection": false,
			"altAnim": false,
			"mustHitSection": true,
			"changeBPM": false,
			"bpm": 150
		},
		{
			"sectionBeats": 4,
			"sectionNotes": [],
			"gfSection": false,
			"altAnim": false,
			"mustHitSection": true,
			"changeBPM": false,
			"bpm": 150
		},
		{
			"sectionBeats": 4,
			"sectionNotes": [],
			"gfSection": false,
			"altAnim": false,
			"mustHitSection": true,
			"changeBPM": false,
			"bpm": 150
		},
		{
			"sectionBeats": 4,
			"sectionNotes": [],
			"gfSection": false,
			"altAnim": false,
			"mustHitSection": true,
			"changeBPM": false,
			"bpm": 150
		},
		{
			"sectionBeats": 4,
			"sectionNotes": [],
			"gfSection": false,
			"altAnim": false,
			"mustHitSection": true,
			"changeBPM": false,
			"bpm": 150
		}
	],
	"events": [
		[
			36460.6015037594,
			[
				["Flashing Camera", "", ""]
			]
		],
		[
			36674.8872180451,
			[
				["Change Character", "Dad", "facless2"],
				["Change Scroll Speed", "1.50", "2"]
			]
		]
	],
	"player2": "facless1",
	"offset": 0,
	"song": "Facade",
	"needsVoices": true,
	"stage": "u64Void",
	"bpm": 125,
	"speed": 1.5,
	"format": "psych_v1"
}