<?xml version="1.0" encoding="UTF-8"?>
<!--
Created with Funkin Packer v0.1.3 https://neeeoo.github.io/funkin-packer/
-->
<TextureAtlas imagePath="facelessMario.png" width="1912" height="7600">
	<SubTexture name="down 0000" x="0" y="0" width="956" height="760" frameX="-0" frameY="-0" frameWidth="956" frameHeight="760"/>
	<SubTexture name="down 0001" x="0" y="760" width="956" height="760" frameX="-0" frameY="-0" frameWidth="956" frameHeight="760"/>
	<SubTexture name="down 0002" x="0" y="1520" width="956" height="760" frameX="-0" frameY="-0" frameWidth="956" frameHeight="760"/>
	<SubTexture name="idle 0000" x="0" y="2280" width="956" height="760" frameX="-0" frameY="-0" frameWidth="956" frameHeight="760"/>
	<SubTexture name="idle 0001" x="0" y="3040" width="956" height="760" frameX="-0" frameY="-0" frameWidth="956" frameHeight="760"/>
	<SubTexture name="idle 0002" x="0" y="3800" width="956" height="760" frameX="-0" frameY="-0" frameWidth="956" frameHeight="760"/>
	<SubTexture name="idle 0003" x="0" y="4560" width="956" height="760" frameX="-0" frameY="-0" frameWidth="956" frameHeight="760"/>
	<SubTexture name="idle 0004" x="0" y="5320" width="956" height="760" frameX="-0" frameY="-0" frameWidth="956" frameHeight="760"/>
	<SubTexture name="idle 0005" x="0" y="6080" width="956" height="760" frameX="-0" frameY="-0" frameWidth="956" frameHeight="760"/>
	<SubTexture name="idle 0006" x="0" y="6840" width="956" height="760" frameX="-0" frameY="-0" frameWidth="956" frameHeight="760"/>
	<SubTexture name="idle 0007" x="956" y="0" width="956" height="760" frameX="-0" frameY="-0" frameWidth="956" frameHeight="760"/>
	<SubTexture name="idle 0008" x="956" y="760" width="956" height="760" frameX="-0" frameY="-0" frameWidth="956" frameHeight="760"/>
	<SubTexture name="left 0000" x="956" y="1520" width="956" height="760" frameX="-0" frameY="-0" frameWidth="956" frameHeight="760"/>
	<SubTexture name="left 0001" x="956" y="2280" width="956" height="760" frameX="-0" frameY="-0" frameWidth="956" frameHeight="760"/>
	<SubTexture name="left 0002" x="956" y="3040" width="956" height="760" frameX="-0" frameY="-0" frameWidth="956" frameHeight="760"/>
	<SubTexture name="right 0000" x="956" y="3800" width="956" height="760" frameX="-0" frameY="-0" frameWidth="956" frameHeight="760"/>
	<SubTexture name="right 0001" x="956" y="4560" width="956" height="760" frameX="-0" frameY="-0" frameWidth="956" frameHeight="760"/>
	<SubTexture name="right 0002" x="956" y="5320" width="956" height="760" frameX="-0" frameY="-0" frameWidth="956" frameHeight="760"/>
	<SubTexture name="up 0000" x="956" y="6080" width="956" height="760" frameX="-0" frameY="-0" frameWidth="956" frameHeight="760"/>
	<SubTexture name="up 0001" x="956" y="6840" width="956" height="760" frameX="-0" frameY="-0" frameWidth="956" frameHeight="760"/>
</TextureAtlas>