{
	"player1": "bf-back",
	"player2": "facless1",
	"events": [
		[
			36460.6015037594,
			[
				["Flashing Camera", "", ""]
			]
		],
		[
			36674.8872180451,
			[
				["Change Character", "Dad", "facless2"],
				["Change Scroll Speed", "1.5", "1"]
			]
		],
		[
			47603.4586466166,
			[
				["Change Scroll Speed", "1.8", "1"]
			]
		],
		[
			52103.4586466166,
			[
				["Flashing Camera", "RED", "1"]
			]
		],
		[
			124217.744360902,
			[
				["Screen Shake", "1, 0.5", "1, 0.05"]
			]
		],
		[
			210617.744360902,
			[
				["Flashing Camera", "RED", ""],
				["Add Camera Zoom", "2", "1"],
				["Change Character", "Dad", "facless3Red"],
				["Change Character", "BF", "bfRed"],
				["Change Character", "GF", "facless2Red"]
			]
		]
	],
	"notes": [
		{
			"sectionBeats": 4,
			"sectionNotes": [],
			"gfSection": false,
			"altAnim": false,
			"mustHitSection": true,
			"changeBPM": true,
			"bpm": 125
		},
		{
			"sectionNotes": [],
			"sectionBeats": 4,
			"gfSection": false,
			"altAnim": false,
			"bpm": 125,
			"changeBPM": true,
			"mustHitSection": true
		},
		{
			"sectionNotes": [],
			"sectionBeats": 4,
			"gfSection": false,
			"altAnim": false,
			"bpm": 125,
			"changeBPM": true,
			"mustHitSection": true
		},
		{
			"sectionNotes": [
				[7331.57894736842, 0, 0],
				[7331.57894736842, 1, 0],
				[7331.57894736842, 3, 0],
				[7331.57894736842, 0, 0],
				[7331.57894736842, 2, 0],
				[7331.57894736842, 3, 0],
				[7331.57894736842, 1, 0],
				[7331.57894736842, 1, 0],
				[7331.57894736842, 0, 0]
			],
			"sectionBeats": 4,
			"gfSection": false,
			"altAnim": false,
			"bpm": 125,
			"changeBPM": true,
			"mustHitSection": true
		},
		{
			"sectionNotes": [],
			"sectionBeats": 4,
			"gfSection": false,
			"altAnim": false,
			"bpm": 125,
			"changeBPM": true,
			"mustHitSection": true
		},
		{
			"sectionNotes": [],
			"sectionBeats": 4,
			"gfSection": false,
			"altAnim": false,
			"bpm": 125,
			"changeBPM": true,
			"mustHitSection": true
		},
		{
			"sectionNotes": [],
			"sectionBeats": 4,
			"gfSection": false,
			"altAnim": false,
			"bpm": 125,
			"changeBPM": true,
			"mustHitSection": true
		},
		{
			"sectionNotes": [],
			"sectionBeats": 4,
			"gfSection": false,
			"altAnim": false,
			"bpm": 125,
			"changeBPM": true,
			"mustHitSection": true
		},
		{
			"sectionNotes": [
				[15360, 1, 1080],
				[16800, 2, 360]
			],
			"sectionBeats": 4,
			"gfSection": false,
			"altAnim": false,
			"bpm": 125,
			"changeBPM": true,
			"mustHitSection": true
		},
		{
			"sectionNotes": [
				[17280, 3, 420],
				[17880, 2, 240],
				[18240, 1, 480],
				[18840, 0, 300]
			],
			"sectionBeats": 4,
			"gfSection": false,
			"altAnim": false,
			"bpm": 125,
			"changeBPM": true,
			"mustHitSection": true
		},
		{
			"sectionNotes": [
				[19200, 2, 420],
				[19680, 3, 0],
				[19920, 2, 1140]
			],
			"sectionBeats": 4,
			"gfSection": false,
			"altAnim": false,
			"bpm": 125,
			"changeBPM": true,
			"mustHitSection": true
		},
		{
			"sectionNotes": [
				[21120, 3, 1860]
			],
			"sectionBeats": 4,
			"gfSection": false,
			"altAnim": false,
			"bpm": 125,
			"changeBPM": true,
			"mustHitSection": true
		},
		{
			"sectionNotes": [
				[23040, 1, 1200],
				[24480, 0, 0],
				[24720, 2, 0]
			],
			"sectionBeats": 4,
			"gfSection": false,
			"altAnim": false,
			"bpm": 125,
			"changeBPM": true,
			"mustHitSection": true
		},
		{
			"sectionNotes": [
				[24960, 1, 0],
				[25440, 3, 0],
				[25680, 3, 0],
				[25920, 1, 420],
				[26400, 0, 300]
			],
			"sectionBeats": 4,
			"gfSection": false,
			"altAnim": false,
			"bpm": 125,
			"changeBPM": true,
			"mustHitSection": true
		},
		{
			"sectionNotes": [
				[26880, 1, 420],
				[27360, 2, 0],
				[27600, 1, 0],
				[27840, 3, 0],
				[28080, 1, 0],
				[28320, 0, 0],
				[28560, 3, 0]
			],
			"sectionBeats": 4,
			"gfSection": false,
			"altAnim": false,
			"bpm": 125,
			"changeBPM": true,
			"mustHitSection": true
		},
		{
			"sectionNotes": [
				[28800, 1, 420],
				[29280, 3, 420],
				[29760, 1, 420],
				[30240, 3, 300],
				[30600, 2, 0]
			],
			"sectionBeats": 4,
			"gfSection": false,
			"altAnim": false,
			"bpm": 125,
			"changeBPM": true,
			"mustHitSection": true
		},
		{
			"sectionNotes": [
				[30720, 1, 3631.57894736842]
			],
			"sectionBeats": 4,
			"gfSection": false,
			"altAnim": false,
			"bpm": 95,
			"changeBPM": true,
			"mustHitSection": true
		},
		{
			"sectionNotes": [],
			"sectionBeats": 4,
			"gfSection": false,
			"altAnim": false,
			"bpm": 70,
			"changeBPM": true,
			"mustHitSection": true
		},
		{
			"sectionNotes": [
				[36674.8872180451, 5, 0],
				[36889.1729323308, 7, 0],
				[36996.3157894737, 4, 0],
				[37103.4586466165, 7, 0],
				[37210.6015037594, 6, 0],
				[37424.8872180451, 5, 0],
				[37639.1729323308, 7, 0],
				[37746.3157894737, 5, 0],
				[37853.4586466165, 4, 0],
				[37960.6015037594, 7, 0],
				[38067.7443609023, 5, 0],
				[38174.8872180451, 6, 0]
			],
			"sectionBeats": 4,
			"gfSection": false,
			"altAnim": false,
			"bpm": 140,
			"changeBPM": true,
			"mustHitSection": false
		},
		{
			"sectionNotes": [
				[38389.1729323308, 5, 0],
				[38603.4586466165, 7, 0],
				[38710.6015037594, 4, 0],
				[38817.7443609022, 7, 0],
				[39032.030075188, 5, 0],
				[39246.3157894737, 7, 0],
				[39460.6015037594, 5, 0],
				[39621.3157894737, 4, 0],
				[39782.030075188, 7, 0],
				[39889.1729323308, 4, 0],
				[39996.3157894737, 6, 0]
			],
			"sectionBeats": 4,
			"gfSection": false,
			"altAnim": false,
			"bpm": 150,
			"changeBPM": false,
			"mustHitSection": false
		},
		{
			"sectionNotes": [
				[40103.4586466165, 5, 0],
				[40317.7443609022, 7, 0],
				[40424.8872180451, 4, 0],
				[40532.0300751879, 7, 0],
				[40746.3157894737, 5, 0],
				[40960.6015037594, 7, 0],
				[41174.8872180451, 5, 0],
				[41335.6015037594, 4, 0],
				[41496.3157894737, 7, 0],
				[41603.4586466165, 4, 0],
				[41710.6015037594, 6, 0]
			],
			"sectionBeats": 4,
			"gfSection": false,
			"altAnim": false,
			"bpm": 150,
			"changeBPM": false,
			"mustHitSection": true
		},
		{
			"sectionNotes": [
				[41817.7443609023, 5, 0],
				[42032.030075188, 7, 0],
				[42139.1729323308, 7, 0],
				[42246.3157894737, 4, 0],
				[42460.6015037594, 5, 0],
				[42674.8872180451, 6, 160.714285714286],
				[42996.3157894737, 5, 0],
				[43103.4586466165, 7, 0],
				[43103.4586466165, 4, 0],
				[43210.6015037594, 6, 0],
				[43317.7443609023, 4, 0]
			],
			"sectionBeats": 4,
			"gfSection": false,
			"altAnim": false,
			"bpm": 150,
			"changeBPM": false,
			"mustHitSection": false
		},
		{
			"sectionNotes": [
				[43532.030075188, 1, 0],
				[43746.3157894737, 3, 0],
				[43853.4586466166, 0, 0],
				[43960.6015037594, 3, 0],
				[44067.7443609023, 2, 0],
				[44282.030075188, 1, 0],
				[44496.3157894737, 3, 0],
				[44603.4586466166, 1, 0],
				[44710.6015037594, 0, 0],
				[44817.7443609023, 3, 0],
				[44924.8872180451, 1, 0],
				[45032.030075188, 2, 0]
			],
			"sectionBeats": 4,
			"gfSection": false,
			"altAnim": false,
			"bpm": 150,
			"changeBPM": false,
			"mustHitSection": true
		},
		{
			"sectionNotes": [
				[45246.3157894737, 1, 0],
				[45460.6015037594, 3, 0],
				[45567.7443609023, 0, 0],
				[45674.8872180451, 3, 0],
				[45782.030075188, 2, 0],
				[45996.3157894737, 1, 0],
				[46103.4586466166, 3, 107.142857142857],
				[46317.7443609023, 1, 0],
				[46424.8872180451, 0, 0],
				[46532.030075188, 3, 0],
				[46639.1729323308, 1, 0],
				[46746.3157894737, 2, 0],
				[46853.4586466166, 3, 0]
			],
			"sectionBeats": 4,
			"gfSection": false,
			"altAnim": false,
			"bpm": 150,
			"changeBPM": false,
			"mustHitSection": true
		},
		{
			"sectionNotes": [
				[46960.6015037594, 1, 0],
				[47174.8872180451, 3, 0],
				[47282.030075188, 3, 0],
				[47389.1729323308, 2, 0],
				[47603.4586466166, 0, 0],
				[47710.6015037594, 2, 53.5714285714286],
				[47817.7443609023, 1, 0],
				[48032.030075188, 0, 0],
				[48139.1729323308, 1, 0],
				[48246.3157894737, 2, 0],
				[48353.4586466166, 3, 0],
				[48460.6015037594, 0, 0]
			],
			"sectionBeats": 4,
			"gfSection": false,
			"altAnim": false,
			"bpm": 150,
			"changeBPM": false,
			"mustHitSection": true
		},
		{
			"sectionNotes": [
				[48674.8872180451, 1, 0],
				[48889.1729323309, 3, 0],
				[48996.3157894737, 3, 0],
				[49103.4586466166, 0, 0],
				[49317.7443609023, 1, 0],
				[49532.030075188, 2, 160.714285714286],
				[49853.4586466166, 1, 0],
				[49960.6015037594, 3, 0],
				[49960.6015037594, 0, 0],
				[50067.7443609023, 2, 0],
				[50174.8872180451, 0, 0]
			],
			"sectionBeats": 4,
			"gfSection": false,
			"altAnim": false,
			"bpm": 150,
			"changeBPM": false,
			"mustHitSection": true
		},
		{
			"sectionNotes": [
				[50389.1729323309, 1, 535.714285714286]
			],
			"sectionBeats": 4,
			"gfSection": false,
			"altAnim": false,
			"bpm": 150,
			"changeBPM": false,
			"mustHitSection": true
		},
		{
			"sectionNotes": [
				[52103.4586466166, 5, 1500, "No Animation"],
				[52103.4586466166, 6, 1500, "No Animation"],
				[52103.4586466166, 7, 1500, "No Animation"],
				[52103.4586466166, 4, 1500, "No Animation"]
			],
			"sectionBeats": 4,
			"gfSection": false,
			"altAnim": false,
			"bpm": 150,
			"changeBPM": false,
			"mustHitSection": false
		},
		{
			"sectionNotes": [
				[53817.7443609023, 5, 0],
				[53924.8872180451, 4, 0],
				[54032.030075188, 7, 0],
				[54139.1729323309, 6, 0],
				[54246.3157894737, 4, 0],
				[54353.4586466166, 6, 0],
				[54460.6015037594, 5, 0],
				[54567.7443609023, 4, 0],
				[54674.8872180451, 7, 0],
				[54782.030075188, 5, 0],
				[54889.1729323309, 4, 0],
				[54996.3157894737, 6, 0],
				[55103.4586466166, 7, 107.142857142857],
				[55317.7443609023, 4, 0],
				[55424.8872180451, 4, 0]
			],
			"sectionBeats": 4,
			"gfSection": false,
			"altAnim": false,
			"bpm": 150,
			"changeBPM": false,
			"mustHitSection": false
		},
		{
			"sectionNotes": [
				[55532.030075188, 5, 0],
				[55639.1729323309, 7, 0],
				[55746.3157894737, 6, 0],
				[55853.4586466166, 4, 0],
				[55960.6015037594, 6, 0],
				[56067.7443609023, 7, 0],
				[56174.8872180452, 4, 0],
				[56282.030075188, 7, 0],
				[56496.3157894737, 4, 0],
				[56603.4586466166, 5, 0],
				[56710.6015037594, 5, 0],
				[56817.7443609023, 4, 0],
				[56924.8872180452, 6, 0],
				[57032.030075188, 7, 0],
				[57139.1729323309, 5, 0]
			],
			"sectionBeats": 4,
			"gfSection": false,
			"altAnim": false,
			"bpm": 150,
			"changeBPM": false,
			"mustHitSection": true
		},
		{
			"sectionNotes": [
				[57246.3157894737, 4, 160.714285714286],
				[57567.7443609023, 5, 160.714285714286],
				[57782.030075188, 7, 0],
				[57889.1729323309, 6, 53.5714285714286],
				[58103.4586466166, 7, 160.714285714286],
				[58424.8872180452, 4, 0],
				[58532.030075188, 5, 0],
				[58746.3157894737, 7, 0],
				[58853.4586466166, 7, 0]
			],
			"sectionBeats": 4,
			"gfSection": false,
			"altAnim": false,
			"bpm": 150,
			"changeBPM": false,
			"mustHitSection": true
		},
		{
			"sectionNotes": [
				[58960.6015037594, 4, 0],
				[59174.8872180452, 6, 0],
				[59282.030075188, 6, 0],
				[59389.1729323309, 7, 0],
				[59603.4586466166, 4, 0],
				[59710.6015037594, 6, 0],
				[59924.8872180452, 4, 0],
				[60032.030075188, 7, 0],
				[60139.1729323309, 7, 0],
				[60353.4586466166, 6, 160.714285714286]
			],
			"sectionBeats": 4,
			"gfSection": false,
			"altAnim": false,
			"bpm": 150,
			"changeBPM": false,
			"mustHitSection": true
		},
		{
			"sectionNotes": [
				[60674.8872180452, 1, 0],
				[60674.8872180452, 5, 1553.57142857143],
				[60782.030075188, 0, 0],
				[60889.1729323309, 3, 0],
				[60996.3157894737, 2, 0],
				[61103.4586466166, 0, 0],
				[61210.6015037594, 2, 0],
				[61317.7443609023, 1, 0],
				[61424.8872180452, 0, 0],
				[61532.030075188, 3, 0],
				[61639.1729323309, 1, 0],
				[61746.3157894737, 0, 0],
				[61853.4586466166, 2, 0],
				[61960.6015037594, 3, 107.142857142857],
				[62174.8872180452, 0, 0],
				[62282.030075188, 0, 0]
			],
			"sectionBeats": 4,
			"gfSection": false,
			"altAnim": false,
			"bpm": 150,
			"changeBPM": false,
			"mustHitSection": true
		},
		{
			"sectionNotes": [
				[62389.1729323309, 1, 0],
				[62496.3157894737, 3, 0],
				[62603.4586466166, 2, 0],
				[62710.6015037594, 0, 0],
				[62817.7443609023, 2, 0],
				[62924.8872180452, 3, 0],
				[63032.030075188, 0, 0],
				[63139.1729323309, 3, 0],
				[63353.4586466166, 0, 0],
				[63460.6015037594, 1, 0],
				[63567.7443609023, 1, 0],
				[63674.8872180452, 0, 0],
				[63782.030075188, 2, 0],
				[63889.1729323309, 3, 0],
				[63996.3157894737, 1, 0]
			],
			"sectionBeats": 4,
			"gfSection": false,
			"altAnim": false,
			"bpm": 150,
			"changeBPM": false,
			"mustHitSection": true
		},
		{
			"sectionNotes": [
				[64103.4586466166, 0, 160.714285714286],
				[64424.8872180452, 1, 160.714285714286],
				[64639.1729323309, 3, 0],
				[64746.3157894737, 2, 53.5714285714286],
				[64960.6015037594, 3, 160.714285714286],
				[65282.030075188, 0, 0],
				[65389.1729323309, 1, 0],
				[65603.4586466166, 3, 0],
				[65710.6015037594, 3, 0]
			],
			"sectionBeats": 4,
			"gfSection": false,
			"altAnim": false,
			"bpm": 150,
			"changeBPM": false,
			"mustHitSection": true
		},
		{
			"sectionNotes": [
				[65817.7443609023, 0, 0],
				[66032.030075188, 2, 0],
				[66139.1729323309, 2, 0],
				[66246.3157894737, 3, 0],
				[66460.6015037594, 0, 0],
				[66567.7443609023, 2, 0],
				[66782.030075188, 0, 0],
				[66889.1729323309, 3, 0],
				[66996.3157894737, 3, 0],
				[67210.6015037594, 2, 160.714285714286]
			],
			"sectionBeats": 4,
			"gfSection": false,
			"altAnim": false,
			"bpm": 150,
			"changeBPM": false,
			"mustHitSection": true
		},
		{
			"sectionNotes": [
				[67532.030075188, 1, 1553.57142857143],
				[67532.030075188, 5, 214.285714285714],
				[67960.6015037594, 4, 0],
				[68282.030075188, 5, 160.714285714286],
				[68603.4586466166, 7, 0],
				[68817.7443609023, 5, 0],
				[69032.030075188, 4, 0]
			],
			"sectionBeats": 4,
			"gfSection": false,
			"altAnim": false,
			"bpm": 150,
			"changeBPM": false,
			"mustHitSection": false
		},
		{
			"sectionNotes": [
				[69246.3157894737, 6, 267.857142857143],
				[69674.8872180452, 7, 0],
				[69889.1729323309, 4, 0],
				[69996.3157894737, 5, 0],
				[70103.4586466166, 6, 0],
				[70210.6015037594, 7, 0],
				[70424.8872180452, 6, 0],
				[70639.1729323309, 7, 0],
				[70853.4586466166, 4, 0]
			],
			"sectionBeats": 4,
			"gfSection": false,
			"altAnim": false,
			"bpm": 150,
			"changeBPM": false,
			"mustHitSection": false
		},
		{
			"sectionNotes": [
				[70960.6015037594, 6, 160.714285714286],
				[71389.1729323309, 7, 0],
				[71603.4586466166, 5, 160.714285714286],
				[72032.030075188, 4, 0],
				[72139.1729323309, 6, 0],
				[72353.4586466166, 7, 0],
				[72567.7443609023, 4, 0]
			],
			"sectionBeats": 4,
			"gfSection": false,
			"altAnim": false,
			"bpm": 150,
			"changeBPM": false,
			"mustHitSection": true
		},
		{
			"sectionNotes": [
				[72674.8872180451, 7, 267.857142857143],
				[73103.4586466166, 5, 0],
				[73210.6015037594, 4, 53.5714285714286],
				[73424.8872180451, 6, 0],
				[73532.030075188, 7, 0],
				[73746.3157894737, 6, 0],
				[73853.4586466166, 4, 0],
				[74067.7443609023, 5, 0],
				[74174.8872180451, 7, 0]
			],
			"sectionBeats": 4,
			"gfSection": false,
			"altAnim": false,
			"bpm": 150,
			"changeBPM": false,
			"mustHitSection": true
		},
		{
			"sectionNotes": [
				[74389.1729323309, 1, 160.714285714286],
				[74389.1729323309, 5, 910.714285714286],
				[74817.7443609023, 3, 0],
				[75032.030075188, 1, 160.714285714286],
				[75460.6015037594, 0, 0],
				[75567.7443609023, 2, 0],
				[75782.030075188, 3, 0],
				[75996.3157894737, 0, 0]
			],
			"sectionBeats": 4,
			"gfSection": false,
			"altAnim": false,
			"bpm": 150,
			"changeBPM": false,
			"mustHitSection": true
		},
		{
			"sectionNotes": [
				[76103.4586466166, 3, 267.857142857143],
				[76532.030075188, 1, 0],
				[76639.1729323309, 0, 53.5714285714286],
				[76853.4586466166, 2, 0],
				[76960.6015037594, 3, 0],
				[77174.8872180451, 2, 0],
				[77282.030075188, 0, 0],
				[77496.3157894737, 1, 0],
				[77603.4586466166, 3, 0]
			],
			"sectionBeats": 4,
			"gfSection": false,
			"altAnim": false,
			"bpm": 150,
			"changeBPM": false,
			"mustHitSection": true
		},
		{
			"sectionNotes": [
				[77817.7443609023, 1, 0],
				[77817.7443609023, 1, 150],
				[78217.7443609023, 3, 0],
				[78417.7443609023, 1, 150],
				[78817.7443609023, 0, 0],
				[78917.7443609023, 2, 0],
				[79117.7443609023, 3, 0],
				[79317.7443609023, 0, 0]
			],
			"sectionBeats": 4,
			"gfSection": false,
			"altAnim": false,
			"bpm": 150,
			"changeBPM": true,
			"mustHitSection": true
		},
		{
			"sectionNotes": [
				[79417.7443609023, 3, 250],
				[79817.7443609023, 1, 0],
				[80017.7443609023, 3, 0],
				[80095.2443609023, 2, 0],
				[80317.7443609023, 0, 0],
				[80417.7443609023, 3, 0],
				[80717.7443609023, 1, 0],
				[80917.7443609023, 0, 0]
			],
			"sectionBeats": 4,
			"gfSection": false,
			"altAnim": false,
			"bpm": 150,
			"changeBPM": true,
			"mustHitSection": true
		},
		{
			"sectionNotes": [
				[81017.7443609023, 0, 850],
				[81317.7443609023, 5, 150],
				[81617.7443609023, 6, 150],
				[82017.7443609023, 7, 0],
				[82217.7443609023, 5, 0],
				[82317.7443609023, 4, 0],
				[82517.7443609023, 5, 0]
			],
			"sectionBeats": 4,
			"gfSection": false,
			"altAnim": false,
			"bpm": 150,
			"changeBPM": true,
			"mustHitSection": false
		},
		{
			"sectionNotes": [
				[82817.7443609023, 4, 0],
				[83017.7443609023, 5, 0],
				[83217.7443609023, 6, 0],
				[83517.7443609023, 7, 0],
				[83717.7443609023, 4, 100],
				[83917.7443609023, 7, 50]
			],
			"sectionBeats": 4,
			"gfSection": false,
			"altAnim": false,
			"bpm": 150,
			"changeBPM": false,
			"mustHitSection": true
		},
		{
			"sectionNotes": [
				[84317.7443609023, 5, 50],
				[84717.7443609023, 5, 200],
				[85017.7443609023, 7, 150],
				[85317.7443609023, 4, 0],
				[85617.7443609023, 5, 0]
			],
			"sectionBeats": 4,
			"gfSection": false,
			"altAnim": false,
			"bpm": 150,
			"changeBPM": false,
			"mustHitSection": false
		},
		{
			"sectionNotes": [
				[85917.7443609023, 7, 0],
				[86117.7443609023, 7, 0],
				[86317.7443609023, 5, 0],
				[86484.4110275689, 4, 0],
				[86717.7443609023, 5, 0],
				[86884.4110275689, 6, 0],
				[87017.7443609023, 5, 0],
				[87117.7443609023, 7, 0],
				[87217.7443609023, 4, 750]
			],
			"sectionBeats": 4,
			"gfSection": false,
			"altAnim": false,
			"bpm": 150,
			"changeBPM": false,
			"mustHitSection": false
		},
		{
			"sectionNotes": [
				[88184.4110275689, 1, 300],
				[88517.7443609023, 2, 300],
				[88884.4110275689, 3, 0]
			],
			"sectionBeats": 4,
			"gfSection": false,
			"altAnim": false,
			"bpm": 150,
			"changeBPM": false,
			"mustHitSection": true
		},
		{
			"sectionNotes": [
				[89017.7443609023, 1, 0],
				[89117.7443609023, 0, 0],
				[89317.7443609023, 3, 250],
				[89717.7443609023, 2, 0],
				[89917.7443609023, 3, 0],
				[90117.7443609023, 0, 0],
				[90284.4110275689, 0, 0],
				[90484.4110275689, 1, 0]
			],
			"sectionBeats": 4,
			"gfSection": false,
			"altAnim": false,
			"bpm": 150,
			"changeBPM": false,
			"mustHitSection": true
		},
		{
			"sectionNotes": [
				[90717.7443609023, 2, 0],
				[91017.7443609023, 1, 550],
				[91617.7443609023, 0, 0],
				[91917.7443609023, 1, 0]
			],
			"sectionBeats": 4,
			"gfSection": false,
			"altAnim": false,
			"bpm": 150,
			"changeBPM": false,
			"mustHitSection": true
		},
		{
			"sectionNotes": [
				[92217.7443609023, 1, 0],
				[92417.7443609023, 0, 0],
				[92617.7443609023, 1, 0],
				[92817.7443609023, 1, 0],
				[93017.7443609023, 2, 0],
				[93217.7443609023, 3, 0],
				[93484.4110275689, 1, 0],
				[93717.7443609023, 0, 0]
			],
			"sectionBeats": 4,
			"gfSection": false,
			"altAnim": false,
			"bpm": 150,
			"changeBPM": true,
			"mustHitSection": true
		},
		{
			"sectionNotes": [
				[93817.7443609023, 3, 0],
				[93951.0776942356, 2, 0],
				[94051.0776942356, 1, 1150],
				[94617.7443609023, 7, 0],
				[94817.7443609023, 5, 0],
				[95017.7443609023, 4, 0],
				[95217.7443609023, 5, 0]
			],
			"sectionBeats": 4,
			"gfSection": false,
			"altAnim": false,
			"bpm": 150,
			"changeBPM": true,
			"mustHitSection": false
		},
		{
			"sectionNotes": [
				[95417.7443609023, 7, 0],
				[95617.7443609023, 6, 0],
				[95817.7443609023, 5, 0],
				[96017.7443609023, 4, 450],
				[96517.7443609023, 5, 0],
				[96651.0776942356, 6, 0],
				[96751.0776942356, 7, 0],
				[96917.7443609023, 6, 0]
			],
			"sectionBeats": 4,
			"gfSection": false,
			"altAnim": false,
			"bpm": 150,
			"changeBPM": true,
			"mustHitSection": false
		},
		{
			"sectionNotes": [
				[97117.7443609023, 5, 0],
				[97317.7443609023, 4, 0],
				[97517.7443609023, 5, 750],
				[97517.7443609023, 4, 0],
				[98317.7443609023, 7, 0],
				[98484.4110275689, 5, 0]
			],
			"sectionBeats": 4,
			"gfSection": false,
			"altAnim": false,
			"bpm": 150,
			"changeBPM": true,
			"mustHitSection": false
		},
		{
			"sectionNotes": [
				[98617.7443609023, 4, 0],
				[98817.7443609023, 6, 0],
				[99084.4110275689, 4, 0],
				[99351.0776942356, 5, 600],
				[99984.4110275689, 6, 150]
			],
			"sectionBeats": 4,
			"gfSection": false,
			"altAnim": false,
			"bpm": 150,
			"changeBPM": false,
			"mustHitSection": false
		},
		{
			"sectionNotes": [
				[100217.744360902, 7, 350],
				[100617.744360902, 5, 300],
				[100967.744360902, 4, 150],
				[101217.744360902, 6, 400]
			],
			"sectionBeats": 4,
			"gfSection": false,
			"altAnim": false,
			"bpm": 150,
			"changeBPM": false,
			"mustHitSection": false
		},
		{
			"sectionNotes": [
				[101917.744360902, 5, 550],
				[102617.744360902, 6, 250],
				[102917.744360902, 7, 450]
			],
			"sectionBeats": 4,
			"gfSection": false,
			"altAnim": false,
			"bpm": 150,
			"changeBPM": false,
			"mustHitSection": false
		},
		{
			"sectionNotes": [
				[103517.744360902, 6, 0],
				[103617.744360902, 7, 0],
				[103767.744360902, 5, 0],
				[103967.744360902, 7, 0],
				[104117.744360902, 5, 0],
				[104267.744360902, 7, 0],
				[104417.744360902, 5, 350],
				[104817.744360902, 4, 0]
			],
			"sectionBeats": 4,
			"gfSection": false,
			"altAnim": false,
			"bpm": 150,
			"changeBPM": false,
			"mustHitSection": false
		},
		{
			"sectionNotes": [
				[105067.744360902, 7, 0],
				[105317.744360902, 6, 550],
				[105917.744360902, 5, 200],
				[106217.744360902, 6, 0],
				[106417.744360902, 7, 0]
			],
			"sectionBeats": 4,
			"gfSection": false,
			"altAnim": false,
			"bpm": 150,
			"changeBPM": false,
			"mustHitSection": false
		},
		{
			"sectionNotes": [
				[106617.744360902, 5, 0],
				[106817.744360902, 6, 0],
				[106917.744360902, 7, 0],
				[107017.744360902, 5, 0],
				[107217.744360902, 4, 0],
				[107317.744360902, 5, 0],
				[107417.744360902, 7, 0],
				[107617.744360902, 5, 0],
				[107817.744360902, 6, 0],
				[107917.744360902, 5, 0],
				[108017.744360902, 4, 0]
			],
			"sectionBeats": 4,
			"gfSection": false,
			"altAnim": false,
			"bpm": 150,
			"changeBPM": false,
			"mustHitSection": false
		},
		{
			"sectionNotes": [
				[108217.744360902, 3, 0],
				[108217.744360902, 7, 0],
				[108317.744360902, 0, 0],
				[108317.744360902, 4, 0],
				[108467.744360902, 1, 0],
				[108817.744360902, 2, 0],
				[108917.744360902, 3, 0],
				[109017.744360902, 0, 0],
				[109217.744360902, 2, 0],
				[109417.744360902, 1, 900]
			],
			"sectionBeats": 4,
			"gfSection": false,
			"altAnim": false,
			"bpm": 150,
			"changeBPM": false,
			"mustHitSection": true
		},
		{
			"sectionNotes": [
				[110317.744360902, 1, 0],
				[110417.744360902, 3, 0],
				[110517.744360902, 1, 0],
				[110717.744360902, 0, 0],
				[110917.744360902, 1, 0],
				[111117.744360902, 3, 0],
				[111317.744360902, 2, 750]
			],
			"sectionBeats": 4,
			"gfSection": false,
			"altAnim": false,
			"bpm": 150,
			"changeBPM": true,
			"mustHitSection": true
		},
		{
			"sectionNotes": [
				[112117.744360902, 1, 0],
				[112217.744360902, 2, 0],
				[112417.744360902, 0, 0],
				[112617.744360902, 0, 0],
				[112817.744360902, 1, 0]
			],
			"sectionBeats": 4,
			"gfSection": false,
			"altAnim": false,
			"bpm": 150,
			"changeBPM": false,
			"mustHitSection": true
		},
		{
			"sectionNotes": [
				[113017.744360902, 3, 650],
				[113717.744360902, 1, 0],
				[113917.744360902, 0, 0],
				[114217.744360902, 2, 400]
			],
			"sectionBeats": 4,
			"gfSection": false,
			"altAnim": false,
			"bpm": 150,
			"changeBPM": true,
			"mustHitSection": true
		},
		{
			"sectionNotes": [
				[114717.744360902, 1, 250],
				[115017.744360902, 3, 450],
				[115617.744360902, 2, 550]
			],
			"sectionBeats": 4,
			"gfSection": false,
			"altAnim": false,
			"bpm": 150,
			"changeBPM": true,
			"mustHitSection": true
		},
		{
			"sectionNotes": [
				[116217.744360902, 3, 50],
				[116417.744360902, 2, 550],
				[117017.744360902, 1, 0],
				[117317.744360902, 0, 0],
				[117517.744360902, 1, 0],
				[117617.744360902, 3, 0]
			],
			"sectionBeats": 4,
			"gfSection": false,
			"altAnim": false,
			"bpm": 150,
			"changeBPM": false,
			"mustHitSection": true
		},
		{
			"sectionNotes": [
				[117917.744360902, 2, 0],
				[118117.744360902, 0, 0],
				[118317.744360902, 1, 0],
				[118517.744360902, 3, 150],
				[118817.744360902, 1, 0],
				[119017.744360902, 0, 650]
			],
			"sectionBeats": 4,
			"gfSection": false,
			"altAnim": false,
			"bpm": 150,
			"changeBPM": false,
			"mustHitSection": true
		},
		{
			"sectionNotes": [
				[119717.744360902, 1, 250],
				[119917.744360902, 2, 200],
				[120117.744360902, 3, 0],
				[120317.744360902, 1, 0],
				[120517.744360902, 0, 0],
				[120617.744360902, 3, 0],
				[120717.744360902, 1, 150],
				[120917.744360902, 2, 0]
			],
			"sectionBeats": 4,
			"gfSection": false,
			"altAnim": false,
			"bpm": 150,
			"changeBPM": false,
			"mustHitSection": true
		},
		{
			"sectionNotes": [
				[121017.744360902, 3, 0],
				[121117.744360902, 1, 0],
				[121317.744360902, 0, 0],
				[121517.744360902, 1, 0],
				[121617.744360902, 3, 0],
				[121717.744360902, 1, 0],
				[121917.744360902, 0, 0],
				[122017.744360902, 2, 0],
				[122217.744360902, 3, 0],
				[122317.744360902, 0, 0],
				[122517.744360902, 1, 1300]
			],
			"sectionBeats": 4,
			"gfSection": false,
			"altAnim": false,
			"bpm": 150,
			"changeBPM": false,
			"mustHitSection": true
		},
		{
			"sectionNotes": [],
			"sectionBeats": 4,
			"gfSection": false,
			"altAnim": false,
			"bpm": 150,
			"changeBPM": false,
			"mustHitSection": true
		},
		{
			"sectionNotes": [
				[124417.744360902, 6, 1400, "No Animation"],
				[124417.744360902, 5, 1400, "No Animation"]
			],
			"sectionBeats": 4,
			"gfSection": false,
			"altAnim": false,
			"bpm": 150,
			"changeBPM": false,
			"mustHitSection": false
		},
		{
			"sectionNotes": [
				[125817.744360902, 4, 0],
				[125917.744360902, 5, 0],
				[126117.744360902, 5, 0],
				[126317.744360902, 7, 0],
				[126417.744360902, 5, 0],
				[126717.744360902, 4, 0],
				[126817.744360902, 5, 0],
				[127017.744360902, 7, 0]
			],
			"sectionBeats": 4,
			"gfSection": false,
			"altAnim": false,
			"bpm": 150,
			"changeBPM": false,
			"mustHitSection": false
		},
		{
			"sectionNotes": [
				[127517.744360902, 4, 0],
				[127617.744360902, 5, 0],
				[127817.744360902, 5, 0],
				[128017.744360902, 7, 0],
				[128217.744360902, 5, 0],
				[128417.744360902, 4, 0],
				[128617.744360902, 5, 0],
				[128717.744360902, 6, 0]
			],
			"sectionBeats": 4,
			"gfSection": false,
			"altAnim": false,
			"bpm": 150,
			"changeBPM": false,
			"mustHitSection": true
		},
		{
			"sectionNotes": [
				[129217.744360902, 4, 0],
				[129317.744360902, 5, 0],
				[129517.744360902, 5, 0],
				[129717.744360902, 7, 0],
				[129817.744360902, 5, 0],
				[130117.744360902, 4, 0],
				[130217.744360902, 5, 0],
				[130417.744360902, 4, 0]
			],
			"sectionBeats": 4,
			"gfSection": false,
			"altAnim": false,
			"bpm": 150,
			"changeBPM": false,
			"mustHitSection": true
		},
		{
			"sectionNotes": [
				[131017.744360902, 4, 0],
				[131117.744360902, 5, 0],
				[131317.744360902, 5, 0],
				[131517.744360902, 7, 0],
				[131617.744360902, 5, 0],
				[131917.744360902, 4, 0],
				[132017.744360902, 5, 0],
				[132217.744359902, 7, 0]
			],
			"sectionBeats": 4,
			"gfSection": false,
			"altAnim": false,
			"bpm": 150,
			"changeBPM": false,
			"mustHitSection": true
		},
		{
			"sectionNotes": [
				[132717.744360902, 0, 0],
				[132717.744360902, 0, 0],
				[132817.744360902, 1, 0],
				[133017.744360902, 1, 0],
				[133217.744360902, 3, 0],
				[133317.744360902, 1, 0],
				[133617.744360902, 0, 0],
				[133717.744360902, 1, 0]
			],
			"sectionBeats": 4,
			"gfSection": false,
			"altAnim": false,
			"bpm": 150,
			"changeBPM": false,
			"mustHitSection": true
		},
		{
			"sectionNotes": [
				[133917.744360902, 3, 0],
				[134417.744360902, 0, 0],
				[134417.744360902, 0, 0],
				[134517.744360902, 1, 0],
				[134717.744360902, 1, 0],
				[134917.744360902, 3, 0],
				[135017.744360902, 1, 0],
				[135317.744360902, 0, 0],
				[135417.744359902, 1, 0]
			],
			"sectionBeats": 4,
			"gfSection": false,
			"altAnim": false,
			"bpm": 150,
			"changeBPM": false,
			"mustHitSection": true
		},
		{
			"sectionNotes": [
				[135617.744360902, 2, 0],
				[136117.744360902, 0, 0],
				[136117.744360902, 0, 0],
				[136217.744360902, 1, 0],
				[136417.744360902, 1, 0],
				[136617.744360902, 3, 0],
				[136717.744360902, 1, 0],
				[137017.744359902, 0, 0]
			],
			"sectionBeats": 4,
			"gfSection": false,
			"altAnim": false,
			"bpm": 150,
			"changeBPM": false,
			"mustHitSection": true
		},
		{
			"sectionNotes": [
				[137117.744360902, 1, 0],
				[137217.744360902, 2, 0],
				[137317.744360902, 0, 0],
				[137817.744360902, 0, 0],
				[137917.744360902, 1, 0],
				[138117.744360902, 1, 0],
				[138317.744360902, 3, 0],
				[138417.744360902, 1, 0]
			],
			"sectionBeats": 4,
			"gfSection": false,
			"altAnim": false,
			"bpm": 150,
			"changeBPM": false,
			"mustHitSection": true
		},
		{
			"sectionNotes": [
				[138717.744360902, 0, 0],
				[138817.744360902, 1, 0],
				[139017.744360902, 3, 0],
				[139517.744360902, 2, 850],
				[139592.744360902, 4, 0],
				[139717.744360902, 5, 0],
				[139817.744360902, 7, 0],
				[139917.744360902, 5, 0],
				[140017.744360902, 4, 0],
				[140117.744360902, 6, 0]
			],
			"sectionBeats": 4,
			"gfSection": false,
			"altAnim": false,
			"bpm": 150,
			"changeBPM": false,
			"mustHitSection": true
		},
		{
			"sectionNotes": [
				[140317.744360902, 4, 0],
				[140517.744360902, 5, 150],
				[140617.744360902, 6, 0],
				[140717.744360902, 7, 0],
				[140867.744360902, 4, 0],
				[140967.744360902, 6, 0],
				[141117.744360902, 5, 0],
				[141217.744360902, 5, 0],
				[141317.744360902, 4, 0],
				[141467.744360902, 5, 0],
				[141617.744360902, 4, 0],
				[141767.744360902, 5, 0]
			],
			"sectionBeats": 4,
			"gfSection": false,
			"altAnim": false,
			"bpm": 150,
			"changeBPM": false,
			"mustHitSection": false
		},
		{
			"sectionNotes": [
				[141817.744360902, 6, 0],
				[141917.744360902, 7, 0],
				[142017.744360902, 6, 0],
				[142117.744360902, 5, 200],
				[142317.744360902, 7, 0],
				[142467.744360902, 5, 0],
				[142567.744360902, 4, 150],
				[142767.744360902, 5, 0],
				[142867.744360902, 7, 0],
				[143017.744360902, 6, 0],
				[143167.744360902, 5, 0],
				[143317.744360902, 7, 0]
			],
			"sectionBeats": 4,
			"gfSection": false,
			"altAnim": false,
			"bpm": 150,
			"changeBPM": false,
			"mustHitSection": false
		},
		{
			"sectionNotes": [
				[143417.744360902, 6, 150],
				[143467.744360902, 4, 200],
				[143717.744360902, 5, 0],
				[143767.744360902, 7, 0],
				[143867.744360902, 6, 0],
				[144067.744360902, 5, 0],
				[144167.744360902, 7, 400],
				[144567.744360902, 6, 0],
				[144717.744360902, 7, 150],
				[144917.744360902, 5, 0]
			],
			"sectionBeats": 4,
			"gfSection": false,
			"altAnim": false,
			"bpm": 150,
			"changeBPM": false,
			"mustHitSection": false
		},
		{
			"sectionNotes": [
				[145017.744360902, 4, 0],
				[145117.744360902, 4, 0],
				[145217.744360902, 5, 0],
				[145367.744360902, 4, 0],
				[145567.744360902, 6, 150],
				[145767.744360902, 7, 150],
				[145967.744360902, 5, 150],
				[146217.744360902, 4, 150],
				[146517.744360902, 2, 0],
				[146567.744360902, 6, 850]
			],
			"sectionBeats": 4,
			"gfSection": false,
			"altAnim": false,
			"bpm": 150,
			"changeBPM": false,
			"mustHitSection": false
		},
		{
			"sectionNotes": [
				[146617.744360902, 0, 0],
				[146717.744360902, 1, 0],
				[146817.744360902, 3, 0],
				[147017.744360902, 1, 0],
				[147117.744360902, 0, 0],
				[147217.744360902, 2, 250],
				[147517.744360902, 3, 0],
				[147617.744360902, 1, 0],
				[147717.744360902, 1, 0],
				[147817.744360902, 3, 0],
				[148017.744360902, 0, 0],
				[148117.744360902, 0, 0]
			],
			"sectionBeats": 4,
			"gfSection": false,
			"altAnim": false,
			"bpm": 150,
			"changeBPM": false,
			"mustHitSection": true
		},
		{
			"sectionNotes": [
				[148217.744360902, 1, 0],
				[148317.744360902, 3, 0],
				[148417.744360902, 3, 200],
				[148617.744360902, 0, 0],
				[148717.744360902, 1, 0],
				[148817.744360902, 2, 0],
				[149017.744360902, 3, 0],
				[149217.744360902, 1, 0],
				[149317.744360902, 3, 0],
				[149417.744360902, 1, 150],
				[149617.744360902, 0, 0],
				[149717.744360902, 0, 0]
			],
			"sectionBeats": 4,
			"gfSection": false,
			"altAnim": false,
			"bpm": 150,
			"changeBPM": false,
			"mustHitSection": true
		},
		{
			"sectionNotes": [
				[149817.744360902, 1, 200],
				[150017.744360902, 3, 0],
				[150117.744360902, 0, 0],
				[150217.744360902, 1, 300],
				[150317.744360902, 2, 200],
				[150417.744360902, 3, 0],
				[150517.744360902, 1, 0],
				[150617.744360902, 3, 200],
				[150917.744360902, 2, 0],
				[151017.744360902, 1, 350]
			],
			"sectionBeats": 4,
			"gfSection": false,
			"altAnim": false,
			"bpm": 150,
			"changeBPM": false,
			"mustHitSection": true
		},
		{
			"sectionNotes": [
				[151417.744360902, 3, 0],
				[151517.744360902, 2, 250],
				[151617.744360902, 0, 150],
				[151817.744360902, 3, 0],
				[151917.744360902, 3, 0],
				[152017.744360902, 0, 0],
				[152217.744360902, 3, 0],
				[152417.744360902, 2, 0],
				[152617.744360902, 0, 0],
				[152817.744360902, 3, 0]
			],
			"sectionBeats": 4,
			"gfSection": false,
			"altAnim": false,
			"bpm": 150,
			"changeBPM": false,
			"mustHitSection": true
		},
		{
			"sectionNotes": [
				[153017.744360902, 2, 0],
				[153217.744360902, 5, 0],
				[153217.744360902, 0, 950],
				[153317.744360902, 5, 0],
				[153417.744360902, 7, 0],
				[153517.744360902, 7, 0],
				[153617.744360902, 4, 0],
				[153717.744360902, 4, 0],
				[153817.744360902, 6, 0],
				[153917.744360902, 6, 0],
				[154117.744360902, 7, 0],
				[154317.744360902, 5, 0],
				[154517.744360902, 6, 0]
			],
			"sectionBeats": 4,
			"gfSection": false,
			"altAnim": false,
			"bpm": 150,
			"changeBPM": false,
			"mustHitSection": true
		},
		{
			"sectionNotes": [
				[154817.744360902, 5, 0],
				[155017.744360902, 7, 0],
				[155217.744360902, 5, 0],
				[155417.744360902, 7, 0],
				[155517.744360902, 4, 0],
				[155717.744360902, 5, 0],
				[155917.744360902, 6, 0],
				[156117.744360902, 7, 0]
			],
			"sectionBeats": 4,
			"gfSection": false,
			"altAnim": false,
			"bpm": 150,
			"changeBPM": false,
			"mustHitSection": false
		},
		{
			"sectionNotes": [
				[156217.744360902, 4, 0],
				[156317.744360902, 6, 0],
				[156417.744360902, 7, 0],
				[156517.744360902, 6, 0],
				[156717.744360902, 4, 0],
				[156817.744360902, 5, 0],
				[156917.744360902, 5, 0],
				[157017.744360902, 7, 0],
				[157117.744360902, 6, 0],
				[157217.744360902, 4, 0],
				[157317.744360902, 5, 0],
				[157517.744360902, 7, 0],
				[157617.744360902, 6, 0]
			],
			"sectionBeats": 4,
			"gfSection": false,
			"altAnim": false,
			"bpm": 150,
			"changeBPM": false,
			"mustHitSection": true
		},
		{
			"sectionNotes": [],
			"sectionBeats": 4,
			"gfSection": false,
			"altAnim": false,
			"bpm": 150,
			"changeBPM": false,
			"mustHitSection": true
		},
		{
			"sectionNotes": [
				[160217.744360902, 2, 0],
				[160317.744360902, 2, 0],
				[160417.744360902, 3, 0],
				[160517.744360902, 3, 0],
				[160617.744360902, 0, 0],
				[160717.744360902, 0, 0],
				[160817.744360902, 1, 0],
				[160917.744360902, 1, 0]
			],
			"sectionBeats": 4,
			"gfSection": false,
			"altAnim": false,
			"bpm": 150,
			"changeBPM": false,
			"mustHitSection": true
		},
		{
			"sectionNotes": [
				[161017.744360902, 2, 0],
				[161217.744360902, 1, 0],
				[161417.744360902, 1, 0],
				[161617.744360902, 0, 0],
				[161817.744360902, 3, 0],
				[162017.744360902, 2, 0],
				[162217.744360902, 3, 200],
				[162317.744360902, 0, 0],
				[162417.744360902, 1, 0],
				[162517.744360902, 3, 0]
			],
			"sectionBeats": 4,
			"gfSection": false,
			"altAnim": false,
			"bpm": 150,
			"changeBPM": false,
			"mustHitSection": true
		},
		{
			"sectionNotes": [
				[162617.744360902, 0, 0],
				[162717.744360902, 2, 0],
				[162817.744360902, 2, 0],
				[162917.744360902, 3, 0],
				[163017.744360902, 2, 0],
				[163117.744360902, 0, 0],
				[163217.744360902, 1, 0],
				[163317.744360902, 3, 0],
				[163417.744360902, 1, 0],
				[163517.744360902, 1, 0],
				[163617.744360902, 2, 0],
				[163717.744360902, 1, 0],
				[163817.744360902, 0, 0],
				[163917.744360902, 3, 0],
				[164117.744360902, 1, 0]
			],
			"sectionBeats": 4,
			"gfSection": false,
			"altAnim": false,
			"bpm": 150,
			"changeBPM": false,
			"mustHitSection": true
		},
		{
			"sectionNotes": [
				[164217.744360902, 0, 250],
				[164517.744360902, 1, 0],
				[164617.744360902, 1, 0],
				[164717.744360902, 3, 0],
				[164817.744360902, 0, 150],
				[165017.744360902, 2, 0],
				[165117.744360902, 3, 150],
				[165317.744360902, 0, 150],
				[165517.744360902, 1, 0],
				[165617.744360902, 1, 0],
				[165717.744360902, 3, 0]
			],
			"sectionBeats": 4,
			"gfSection": false,
			"altAnim": false,
			"bpm": 150,
			"changeBPM": false,
			"mustHitSection": true
		},
		{
			"sectionNotes": [
				[165817.744360902, 2, 0],
				[165917.744360902, 3, 0],
				[166017.744360902, 1, 0],
				[166117.744360902, 0, 250],
				[166417.744360902, 2, 0],
				[166517.744360902, 3, 0],
				[166617.744360902, 0, 400],
				[167017.744360902, 7, 0],
				[167317.744360902, 6, 250]
			],
			"sectionBeats": 4,
			"gfSection": false,
			"altAnim": false,
			"bpm": 150,
			"changeBPM": false,
			"mustHitSection": true
		},
		{
			"sectionNotes": [
				[167617.744360902, 5, 0],
				[167817.744360902, 4, 0],
				[168017.744360902, 7, 0],
				[168117.744360902, 6, 400],
				[168575.244360902, 4, 0],
				[168717.744360902, 5, 0],
				[168917.744360902, 7, 0]
			],
			"sectionBeats": 4,
			"gfSection": false,
			"altAnim": false,
			"bpm": 150,
			"changeBPM": false,
			"mustHitSection": false
		},
		{
			"sectionNotes": [
				[169117.744360902, 7, 0],
				[169317.744360902, 4, 0],
				[169517.744360902, 4, 0],
				[169617.744360902, 7, 0],
				[169717.744360902, 6, 0],
				[170017.744360902, 5, 550]
			],
			"sectionBeats": 4,
			"gfSection": false,
			"altAnim": false,
			"bpm": 150,
			"changeBPM": false,
			"mustHitSection": false
		},
		{
			"sectionNotes": [
				[170617.744360902, 7, 250],
				[170917.744360902, 6, 250],
				[171217.744360902, 4, 0],
				[171417.744360902, 5, 0],
				[171717.744360902, 7, 0],
				[171917.744360902, 7, 0],
				[172117.744360902, 5, 0]
			],
			"sectionBeats": 4,
			"gfSection": false,
			"altAnim": false,
			"bpm": 150,
			"changeBPM": false,
			"mustHitSection": false
		},
		{
			"sectionNotes": [
				[172217.744360902, 4, 0],
				[172317.744360902, 6, 0],
				[172517.744360902, 5, 0],
				[172717.744360902, 7, 0],
				[172817.744360902, 5, 0],
				[172917.744360902, 6, 950]
			],
			"sectionBeats": 4,
			"gfSection": false,
			"altAnim": false,
			"bpm": 150,
			"changeBPM": false,
			"mustHitSection": true
		},
		{
			"sectionNotes": [
				[173817.744360902, 2, 0],
				[174117.744360902, 1, 0],
				[174417.744360902, 3, 0],
				[174617.744360902, 2, 0],
				[174817.744360902, 0, 0],
				[174917.744360902, 1, 400],
				[175374.28894689, 0, 0]
			],
			"sectionBeats": 4,
			"gfSection": false,
			"altAnim": false,
			"bpm": 150,
			"changeBPM": false,
			"mustHitSection": true
		},
		{
			"sectionNotes": [
				[175516.78894689, 1, 0],
				[175716.78894689, 3, 0],
				[175817.744360902, 0, 0],
				[176017.744360902, 2, 0],
				[176217.744360902, 3, 0],
				[176417.744360902, 0, 150],
				[176617.744360902, 2, 350]
			],
			"sectionBeats": 4,
			"gfSection": false,
			"altAnim": false,
			"bpm": 150,
			"changeBPM": false,
			"mustHitSection": true
		},
		{
			"sectionNotes": [
				[177017.744360902, 3, 250],
				[177317.744360902, 2, 250],
				[177617.744360902, 0, 0],
				[177817.744360902, 1, 0],
				[178117.744360902, 3, 0],
				[178317.744360902, 3, 0],
				[178517.744360902, 1, 0]
			],
			"sectionBeats": 4,
			"gfSection": false,
			"altAnim": false,
			"bpm": 150,
			"changeBPM": false,
			"mustHitSection": true
		},
		{
			"sectionNotes": [
				[178617.744360902, 0, 0],
				[178717.744360902, 2, 0],
				[178917.744360902, 1, 0],
				[179117.744360902, 3, 0],
				[179217.744360902, 1, 0],
				[179317.744360902, 2, 1350]
			],
			"sectionBeats": 4,
			"gfSection": false,
			"altAnim": false,
			"bpm": 150,
			"changeBPM": false,
			"mustHitSection": true
		},
		{
			"sectionNotes": [
				[180217.744360902, 7, 0],
				[180417.744360902, 5, 0],
				[180617.744360902, 4, 0],
				[180717.744360902, 0, 1250],
				[180817.744360902, 5, 0],
				[180917.744360902, 7, 0],
				[181117.744360902, 6, 0],
				[181317.744360902, 5, 0],
				[181517.744360902, 4, 450]
			],
			"sectionBeats": 4,
			"gfSection": false,
			"altAnim": false,
			"bpm": 150,
			"changeBPM": false,
			"mustHitSection": false
		},
		{
			"sectionNotes": [
				[182017.744360902, 5, 0],
				[182151.077694236, 6, 0],
				[182251.077694236, 7, 0],
				[182417.744360902, 6, 0],
				[182617.744360902, 7, 0],
				[182617.744360902, 5, 0],
				[182817.744360902, 4, 0],
				[183217.744360902, 5, 800],
				[183217.744360902, 4, 0]
			],
			"sectionBeats": 4,
			"gfSection": false,
			"altAnim": false,
			"bpm": 150,
			"changeBPM": false,
			"mustHitSection": true
		},
		{
			"sectionNotes": [
				[184017.744360902, 7, 0],
				[184317.744360902, 5, 0],
				[184517.744360902, 4, 0],
				[184717.744360902, 6, 0]
			],
			"sectionBeats": 4,
			"gfSection": false,
			"altAnim": false,
			"bpm": 150,
			"changeBPM": false,
			"mustHitSection": true
		},
		{
			"sectionNotes": [
				[185017.744360902, 5, 0],
				[185117.744360902, 7, 400],
				[185617.744360902, 5, 0],
				[185817.744360902, 6, 250],
				[186117.744360902, 7, 250],
				[186417.744360902, 5, 250]
			],
			"sectionBeats": 4,
			"gfSection": false,
			"altAnim": false,
			"bpm": 150,
			"changeBPM": false,
			"mustHitSection": true
		},
		{
			"sectionNotes": [
				[186717.744360902, 4, 950],
				[187717.744360902, 5, 550]
			],
			"sectionBeats": 4,
			"gfSection": false,
			"altAnim": false,
			"bpm": 150,
			"changeBPM": false,
			"mustHitSection": true
		},
		{
			"sectionNotes": [
				[188317.744360902, 6, 0],
				[188517.744360902, 7, 450],
				[189017.744360902, 6, 0],
				[189317.744360902, 7, 0],
				[189517.744360902, 4, 0],
				[189717.744360902, 5, 0]
			],
			"sectionBeats": 4,
			"gfSection": false,
			"altAnim": false,
			"bpm": 150,
			"changeBPM": false,
			"mustHitSection": false
		},
		{
			"sectionNotes": [
				[189817.744360902, 7, 0],
				[190017.744360902, 4, 0],
				[190217.744360902, 6, 0],
				[190417.744360902, 7, 0],
				[190517.744360902, 4, 0],
				[190717.744360902, 5, 0],
				[190917.744360902, 6, 650]
			],
			"sectionBeats": 4,
			"gfSection": false,
			"altAnim": false,
			"bpm": 150,
			"changeBPM": false,
			"mustHitSection": false
		},
		{
			"sectionNotes": [
				[191617.744360902, 7, 0],
				[191817.744360902, 5, 0],
				[192017.744360902, 6, 0],
				[192217.744360902, 7, 0],
				[192417.744360902, 6, 0],
				[192617.744360902, 4, 0],
				[192717.744360902, 5, 0],
				[192817.744360902, 6, 0]
			],
			"sectionBeats": 4,
			"gfSection": false,
			"altAnim": false,
			"bpm": 150,
			"changeBPM": false,
			"mustHitSection": true
		},
		{
			"sectionNotes": [
				[193017.744360902, 4, 0],
				[193117.744360902, 4, 0],
				[193217.744360902, 5, 0],
				[193417.744360902, 6, 0],
				[193517.744360902, 4, 0],
				[193517.744360902, 7, 0],
				[193717.744360902, 7, 0],
				[193817.744360902, 5, 0],
				[193917.744360902, 6, 0],
				[194017.744360902, 4, 0],
				[194117.744360902, 5, 0],
				[194217.744360902, 7, 0],
				[194417.744360902, 4, 0]
			],
			"sectionBeats": 4,
			"gfSection": false,
			"altAnim": false,
			"bpm": 150,
			"changeBPM": false,
			"mustHitSection": true
		},
		{
			"sectionNotes": [
				[194617.744360902, 3, 0],
				[194617.744360902, 5, 1550],
				[194817.744360902, 0, 0],
				[195017.744360902, 1, 0],
				[195217.744360902, 2, 0],
				[195417.744360902, 1, 750]
			],
			"sectionBeats": 4,
			"gfSection": false,
			"altAnim": false,
			"bpm": 150,
			"changeBPM": false,
			"mustHitSection": true
		},
		{
			"sectionNotes": [
				[196217.744360902, 1, 0],
				[196217.744360902, 4, 1550],
				[196382.744360902, 3, 0],
				[196517.744360902, 1, 0],
				[196717.744360902, 0, 0],
				[196917.744360902, 1, 0],
				[197017.744360902, 3, 0],
				[197117.744360902, 2, 650]
			],
			"sectionBeats": 4,
			"gfSection": false,
			"altAnim": false,
			"bpm": 150,
			"changeBPM": false,
			"mustHitSection": true
		},
		{
			"sectionNotes": [
				[197817.744360902, 1, 0],
				[197817.744360902, 7, 1600],
				[197917.744360902, 2, 0],
				[198117.744360902, 0, 0],
				[198217.744360902, 0, 0],
				[198417.744360902, 1, 0],
				[198617.744360902, 3, 850]
			],
			"sectionBeats": 4,
			"gfSection": false,
			"altAnim": false,
			"bpm": 150,
			"changeBPM": false,
			"mustHitSection": true
		},
		{
			"sectionNotes": [
				[199517.744360902, 1, 0],
				[199517.744360902, 5, 1450],
				[199717.744360902, 0, 0],
				[199817.744360902, 2, 450],
				[200317.744360902, 0, 0],
				[200517.744360902, 3, 650]
			],
			"sectionBeats": 4,
			"gfSection": false,
			"altAnim": false,
			"bpm": 150,
			"changeBPM": false,
			"mustHitSection": true
		},
		{
			"sectionNotes": [
				[201217.744360902, 2, 600],
				[201217.744360902, 7, 1300],
				[201917.744360902, 0, 300],
				[202217.744360902, 2, 350]
			],
			"sectionBeats": 4,
			"gfSection": false,
			"altAnim": false,
			"bpm": 150,
			"changeBPM": false,
			"mustHitSection": true
		},
		{
			"sectionNotes": [
				[202617.744360902, 3, 0],
				[202817.744360902, 2, 0],
				[202917.744360902, 6, 1300],
				[203017.744360902, 0, 0],
				[203217.744360902, 1, 0],
				[203417.744360902, 3, 0],
				[203617.744360902, 0, 0],
				[203817.744360902, 2, 0],
				[204017.744360902, 3, 0]
			],
			"sectionBeats": 4,
			"gfSection": false,
			"altAnim": false,
			"bpm": 150,
			"changeBPM": false,
			"mustHitSection": true
		},
		{
			"sectionNotes": [
				[204217.744360902, 0, 0],
				[204417.744360902, 1, 0],
				[204617.744360902, 2, 550],
				[204717.744360902, 7, 1600],
				[205217.744360902, 0, 200],
				[205517.744360902, 1, 0],
				[205717.744360902, 3, 0]
			],
			"sectionBeats": 4,
			"gfSection": false,
			"altAnim": false,
			"bpm": 150,
			"changeBPM": false,
			"mustHitSection": true
		},
		{
			"sectionNotes": [
				[205917.744360902, 1, 0],
				[206117.744360902, 0, 0],
				[206217.744360902, 2, 0],
				[206317.744360902, 0, 0],
				[206417.744360902, 3, 0],
				[206417.744360902, 4, 1650],
				[206617.744360902, 1, 0],
				[206817.744360902, 3, 0],
				[207017.744360902, 1, 0],
				[207217.744360902, 0, 0],
				[207317.744360902, 3, 0]
			],
			"sectionBeats": 4,
			"gfSection": false,
			"altAnim": false,
			"bpm": 150,
			"changeBPM": false,
			"mustHitSection": true
		},
		{
			"sectionNotes": [
				[207417.744360902, 2, 0],
				[207517.744360902, 1, 0],
				[207717.744360902, 0, 0],
				[207817.744360902, 1, 0],
				[207917.744360902, 3, 0],
				[208117.744360902, 4, 0],
				[208117.744360902, 2, 850],
				[208417.744360902, 5, 0],
				[208717.744360902, 7, 0]
			],
			"sectionBeats": 4,
			"gfSection": false,
			"altAnim": false,
			"bpm": 150,
			"changeBPM": false,
			"mustHitSection": true
		},
		{
			"sectionNotes": [
				[209017.744360902, 5, 0],
				[209217.744360902, 4, 0],
				[209417.744360902, 5, 0],
				[209617.744360902, 7, 0],
				[209817.744360902, 5, 300],
				[210217.744360902, 4, 250],
				[210517.744360902, 6, 0]
			],
			"sectionBeats": 4,
			"gfSection": false,
			"altAnim": false,
			"bpm": 150,
			"changeBPM": false,
			"mustHitSection": false
		},
		{
			"sectionNotes": [
				[210617.744360902, 4, 0],
				[210717.744360902, 6, 0],
				[210917.744360902, 7, 0],
				[211017.744360902, 4, 0],
				[211217.744360902, 5, 0],
				[211417.744360902, 7, 0],
				[211617.744360902, 5, 0],
				[211917.744360902, 4, 0]
			],
			"sectionBeats": 4,
			"gfSection": false,
			"altAnim": false,
			"bpm": 150,
			"changeBPM": false,
			"mustHitSection": false
		},
		{
			"sectionNotes": [
				[212217.744360902, 6, 0],
				[212617.744360902, 4, 0],
				[212817.744360902, 5, 0],
				[213017.744360902, 7, 0],
				[213217.744360902, 5, 400],
				[213717.744360902, 4, 0]
			],
			"sectionBeats": 4,
			"gfSection": false,
			"altAnim": false,
			"bpm": 150,
			"changeBPM": false,
			"mustHitSection": false
		},
		{
			"sectionNotes": [
				[213817.744360902, 6, 0],
				[214017.744360902, 7, 0],
				[214117.744360902, 4, 0],
				[214317.744360902, 5, 0],
				[214517.744360902, 6, 0],
				[214717.744360902, 7, 0],
				[214917.744360902, 4, 1050],
				[215017.744360902, 2, 0],
				[215217.744360902, 0, 0]
			],
			"sectionBeats": 4,
			"gfSection": false,
			"altAnim": false,
			"bpm": 150,
			"changeBPM": false,
			"mustHitSection": false
		},
		{
			"sectionNotes": [
				[215417.744360902, 3, 0],
				[215617.744360902, 1, 0],
				[215817.744360902, 0, 0],
				[216016.78894689, 1, 0],
				[216017.744360902, 3, 0],
				[216216.78894689, 0, 0],
				[216416.78894689, 1, 0],
				[216616.78894689, 3, 0],
				[216817.744360902, 2, 250]
			],
			"sectionBeats": 4,
			"gfSection": false,
			"altAnim": false,
			"bpm": 150,
			"changeBPM": false,
			"mustHitSection": true
		},
		{
			"sectionNotes": [
				[217117.744360902, 0, 0],
				[217217.744360902, 3, 200],
				[217417.744360902, 2, 0],
				[217517.744360902, 3, 0],
				[217617.744360902, 0, 150],
				[217817.744360902, 1, 150],
				[218017.744360902, 3, 250],
				[218317.744360902, 0, 0],
				[218517.744360902, 1, 200]
			],
			"sectionBeats": 4,
			"gfSection": false,
			"altAnim": false,
			"bpm": 150,
			"changeBPM": false,
			"mustHitSection": true
		},
		{
			"sectionNotes": [
				[218817.744360902, 3, 0],
				[219017.744360902, 0, 300],
				[219517.744360902, 2, 0],
				[219717.744360902, 1, 0],
				[219917.744360902, 3, 0]
			],
			"sectionBeats": 4,
			"gfSection": false,
			"altAnim": false,
			"bpm": 150,
			"changeBPM": false,
			"mustHitSection": true
		},
		{
			"sectionNotes": [
				[220217.744360902, 0, 250],
				[220517.744360902, 3, 0],
				[220717.744360902, 2, 0],
				[220917.744360902, 0, 0],
				[221117.744360902, 3, 0],
				[221217.744360902, 0, 0],
				[221517.744360902, 1, 0],
				[221717.744360902, 3, 0]
			],
			"sectionBeats": 4,
			"gfSection": false,
			"altAnim": false,
			"bpm": 150,
			"changeBPM": false,
			"mustHitSection": true
		},
		{
			"sectionNotes": [
				[221817.744360902, 4, 50],
				[221817.744360902, 2, 1250],
				[222017.744360902, 5, 50],
				[222117.744360902, 7, 50],
				[222217.744360902, 5, 50],
				[222417.744360902, 4, 50],
				[222517.744360902, 6, 50],
				[222717.744360902, 7, 50],
				[222817.744360902, 4, 50],
				[223017.744360902, 6, 50]
			],
			"sectionBeats": 4,
			"gfSection": false,
			"altAnim": false,
			"bpm": 150,
			"changeBPM": false,
			"mustHitSection": false
		},
		{
			"sectionNotes": [
				[223567.744360902, 4, 0],
				[223717.744360902, 6, 0],
				[223867.744360902, 7, 0],
				[224067.744360902, 4, 0],
				[224217.744360902, 5, 0],
				[224267.744360902, 6, 0],
				[224317.744360902, 7, 0],
				[224417.744360902, 6, 0],
				[224617.744360902, 7, 0],
				[224667.744360902, 5, 0],
				[224767.744360902, 5, 0],
				[224817.744360902, 4, 0]
			],
			"sectionBeats": 4,
			"gfSection": false,
			"altAnim": false,
			"bpm": 150,
			"changeBPM": false,
			"mustHitSection": true
		},
		{
			"sectionNotes": [
				[225217.744360902, 6, 400],
				[225617.744360902, 5, 200],
				[225817.744360902, 7, 0],
				[226017.744360902, 6, 0],
				[226117.744360902, 4, 0],
				[226267.744360902, 5, 0],
				[226467.744360902, 7, 50]
			],
			"sectionBeats": 4,
			"gfSection": false,
			"altAnim": false,
			"bpm": 150,
			"changeBPM": false,
			"mustHitSection": true
		},
		{
			"sectionNotes": [
				[227017.744360902, 4, 0],
				[227177.744360902, 5, 0],
				[227285.244360902, 5, 0],
				[227417.744360902, 7, 0],
				[227617.744360902, 6, 0],
				[227717.744360902, 4, 0],
				[227817.744360902, 7, 0],
				[227917.744360902, 5, 0],
				[228070.244360902, 4, 0]
			],
			"sectionBeats": 4,
			"gfSection": false,
			"altAnim": false,
			"bpm": 150,
			"changeBPM": false,
			"mustHitSection": true
		},
		{
			"sectionNotes": [
				[228217.744360902, 5, 0],
				[228617.744360902, 5, 1200],
				[228617.744360902, 0, 0],
				[228817.744360902, 1, 0],
				[228917.744360902, 3, 0],
				[229017.744360902, 1, 0],
				[229217.744360902, 0, 0],
				[229317.744360902, 2, 0],
				[229517.744360902, 3, 0],
				[229617.744360902, 0, 0]
			],
			"sectionBeats": 4,
			"gfSection": false,
			"altAnim": false,
			"bpm": 150,
			"changeBPM": false,
			"mustHitSection": true
		},
		{
			"sectionNotes": [
				[229817.744360902, 2, 0],
				[230417.744360902, 0, 0],
				[230567.744360902, 2, 0],
				[230717.744360902, 3, 0],
				[230917.744360902, 0, 0],
				[231067.744360902, 1, 0],
				[231117.744360902, 2, 0],
				[231167.744360902, 3, 0],
				[231267.744360902, 2, 0]
			],
			"sectionBeats": 4,
			"gfSection": false,
			"altAnim": false,
			"bpm": 150,
			"changeBPM": false,
			"mustHitSection": true
		},
		{
			"sectionNotes": [
				[231467.744360902, 3, 0],
				[231517.744360902, 1, 0],
				[231617.744360902, 1, 0],
				[231667.744360902, 0, 0],
				[232116.78894689, 2, 400],
				[232516.78894689, 1, 200],
				[232716.78894689, 3, 0],
				[232916.78894689, 2, 0],
				[233016.78894689, 0, 0]
			],
			"sectionBeats": 4,
			"gfSection": false,
			"altAnim": false,
			"bpm": 150,
			"changeBPM": false,
			"mustHitSection": true
		},
		{
			"sectionNotes": [
				[233166.78894689, 1, 0],
				[233366.78894689, 3, 50],
				[233817.744360902, 2, 0],
				[234017.744360902, 0, 0],
				[234117.744360902, 2, 0],
				[234317.744360902, 3, 0],
				[234517.744360902, 0, 0]
			],
			"sectionBeats": 4,
			"gfSection": false,
			"altAnim": false,
			"bpm": 150,
			"changeBPM": false,
			"mustHitSection": true
		},
		{
			"sectionNotes": [
				[234617.744360902, 3, 0],
				[234717.744360902, 2, 0],
				[234917.744360902, 0, 0],
				[235017.744360902, 3, 0],
				[235516.78894689, 5, 0],
				[235517.744360902, 2, 1050],
				[235731.074661175, 7, 0],
				[235838.217518318, 4, 0],
				[235945.360375461, 7, 0],
				[236052.503232604, 6, 0]
			],
			"sectionBeats": 4,
			"gfSection": false,
			"altAnim": false,
			"bpm": 150,
			"changeBPM": false,
			"mustHitSection": true
		},
		{
			"sectionNotes": [
				[236266.78894689, 5, 0],
				[236481.074661175, 7, 0],
				[236588.217518318, 5, 0],
				[236695.360375461, 4, 0],
				[236802.503232604, 7, 0],
				[236909.646089747, 5, 0],
				[237016.78894689, 6, 0],
				[237251.78894689, 5, 0],
				[237466.074661175, 7, 0],
				[237573.217518318, 4, 0],
				[237680.360375461, 7, 0]
			],
			"sectionBeats": 4,
			"gfSection": false,
			"altAnim": false,
			"bpm": 150,
			"changeBPM": false,
			"mustHitSection": false
		},
		{
			"sectionNotes": [
				[237894.646089747, 5, 0],
				[238108.931804032, 7, 0],
				[238323.217518318, 5, 0],
				[238483.931804032, 4, 0],
				[238644.646089747, 7, 0],
				[238751.78894689, 4, 0],
				[238917.744360902, 6, 1100],
				[239016.78894689, 1, 0],
				[239231.074661175, 3, 0],
				[239338.217518318, 0, 0]
			],
			"sectionBeats": 4,
			"gfSection": false,
			"altAnim": false,
			"bpm": 150,
			"changeBPM": false,
			"mustHitSection": false
		},
		{
			"sectionNotes": [
				[239445.360375461, 3, 0],
				[239552.503232604, 2, 0],
				[239766.78894689, 1, 0],
				[239981.074661175, 3, 0],
				[240088.217518318, 1, 0],
				[240195.360375461, 0, 0],
				[240302.503232604, 3, 0],
				[240409.646089747, 1, 0],
				[240516.78894689, 2, 0],
				[240716.78894689, 1, 0],
				[240931.074661175, 3, 0]
			],
			"sectionBeats": 4,
			"gfSection": false,
			"altAnim": false,
			"bpm": 150,
			"changeBPM": false,
			"mustHitSection": true
		},
		{
			"sectionNotes": [
				[241038.217518318, 0, 0],
				[241145.360375461, 3, 0],
				[241252.503232604, 2, 0],
				[241466.78894689, 1, 0],
				[241573.931804032, 3, 100],
				[241788.217518318, 1, 0],
				[241895.360375461, 0, 0],
				[242002.503232604, 3, 0],
				[242109.646089747, 1, 0],
				[242216.78894689, 2, 0],
				[242323.931804032, 3, 0],
				[242417.744360902, 0, 0],
				[242616.78894689, 5, 0]
			],
			"sectionBeats": 4,
			"gfSection": false,
			"altAnim": false,
			"bpm": 150,
			"changeBPM": false,
			"mustHitSection": true
		},
		{
			"sectionNotes": [
				[242617.744360902, 2, 950],
				[242831.074661175, 7, 0],
				[242938.217518318, 5, 0],
				[243045.360375461, 4, 0],
				[243152.503232604, 7, 0],
				[243259.646089747, 5, 0],
				[243366.78894689, 6, 0],
				[243601.78894689, 5, 0],
				[243816.074661175, 7, 0],
				[243923.217518318, 4, 0],
				[244030.360375461, 7, 0]
			],
			"sectionBeats": 4,
			"gfSection": false,
			"altAnim": false,
			"bpm": 150,
			"changeBPM": false,
			"mustHitSection": true
		},
		{
			"sectionNotes": [
				[244244.646089747, 5, 0],
				[244417.744360902, 7, 0],
				[244517.744360902, 7, 0],
				[244673.217518318, 5, 0],
				[244833.931804032, 4, 0],
				[244994.646089747, 7, 0],
				[245101.78894689, 4, 0],
				[245217.744360902, 6, 0],
				[245417.744360902, 7, 0],
				[245517.744360902, 5, 0],
				[245717.744360902, 4, 0],
				[245816.78894689, 1, 0]
			],
			"sectionBeats": 4,
			"gfSection": false,
			"altAnim": false,
			"bpm": 150,
			"changeBPM": false,
			"mustHitSection": true
		},
		{
			"sectionNotes": [
				[245817.744360902, 5, 1000],
				[245989.887218045, 3, 0],
				[246089.887218045, 3, 0],
				[246245.360375461, 1, 0],
				[246417.744360902, 0, 0],
				[246517.744360902, 3, 0],
				[246673.931804033, 0, 0],
				[246817.744360902, 1, 0],
				[246817.744360902, 2, 200],
				[246989.887218045, 3, 0],
				[247089.887218045, 1, 0],
				[247217.744360902, 0, 0],
				[247317.744360902, 2, 0]
			],
			"sectionBeats": 4,
			"gfSection": false,
			"altAnim": false,
			"bpm": 150,
			"changeBPM": false,
			"mustHitSection": true
		},
		{
			"sectionNotes": [
				[247417.744360902, 3, 0],
				[247617.744360902, 0, 0],
				[247817.744360902, 1, 0],
				[247917.744360902, 1, 0],
				[248017.744360902, 3, 0],
				[248317.744360902, 1, 0],
				[248417.744360902, 3, 250],
				[248717.744360902, 2, 0],
				[248817.744360902, 0, 0],
				[248917.744360902, 3, 0]
			],
			"sectionBeats": 4,
			"gfSection": false,
			"altAnim": false,
			"bpm": 150,
			"changeBPM": false,
			"mustHitSection": true
		},
		{
			"sectionNotes": [
				[249017.744360902, 1, 0],
				[249217.744360902, 2, 2950]
			],
			"sectionBeats": 4,
			"gfSection": false,
			"altAnim": false,
			"bpm": 150,
			"changeBPM": false,
			"mustHitSection": true
		},
		{
			"sectionNotes": [],
			"sectionBeats": 4,
			"gfSection": false,
			"altAnim": false,
			"bpm": 150,
			"changeBPM": false,
			"mustHitSection": true
		},
		{
			"sectionNotes": [],
			"sectionBeats": 4,
			"gfSection": false,
			"altAnim": false,
			"bpm": 150,
			"changeBPM": false,
			"mustHitSection": true
		},
		{
			"sectionNotes": [],
			"sectionBeats": 4,
			"gfSection": false,
			"altAnim": false,
			"bpm": 150,
			"changeBPM": false,
			"mustHitSection": true
		}
	],
	"gfVersion": "none",
	"offset": 0,
	"gameOverChar": "dead-bf-back",
	"song": "Facade",
	"stage": "shadowLocked",
	"needsVoices": true,
	"format": "psych_v1",
	"speed": 1.5,
	"bpm": 140
}