{
	"camera_boyfriend": [
		0,
		0
	],
	"_editorMeta": {
		"boyfriend": "bf-back",
		"gf": "none",
		"dad": "facless1"
	},
	"preload": {
		"images/stage_light": 2,
		"images/stagecurtains": 2,
		"images/stagefront": 3,
		"images/stageback": 3
	},
	"girlfriend": [
		400,
		130
	],
	"stageUI": "",
	"boyfriend": [
		770,
		100
	],
	"objects": [
		{
			"type": "gf"
		},
		{
			"x": 0,
			"y": 0,
			"scale": [
				1250,
				800
			],
			"filters": 3,
			"color": "FFFFFF",
			"angle": 0,
			"name": "sprite1",
			"scroll": [
				1,
				1
			],
			"alpha": 1,
			"type": "square"
		},
		{
			"type": "dad"
		},
		{
			"x": 0,
			"y": 0,
			"scale": [
				1,
				1
			],
			"image": "stages/facelessMario/crypticHideout/color",
			"flipX": false,
			"filters": 3,
			"color": "FFFFFF",
			"angle": 0,
			"name": "backgroundBlack",
			"antialiasing": true,
			"flipY": false,
			"scroll": [
				1,
				1
			],
			"alpha": 1,
			"type": "sprite"
		},
		{
			"type": "boyfriend"
		}
	],
	"camera_girlfriend": [
		0,
		0
	],
	"defaultZoom": 0.9,
	"camera_speed": 1,
	"directory": "week1",
	"opponent": [
		216,
		2
	],
	"camera_opponent": [
		0,
		0
	],
	"hide_girlfriend": true
}