{
	"camera_boyfriend": [
		0,
		0
	],
	"preload": {
		"images/stageback": 3,
		"images/stagefront": 3,
		"images/stagecurtains": 2,
		"images/stage_light": 2
	},
	"_editorMeta": {
		"boyfriend": "bf-back",
		"dad": "facless1",
		"gf": "none"
	},
	"boyfriend": [
		891,
		228
	],
	"stageUI": "",
	"girlfriend": [
		400,
		130
	],
	"defaultZoom": 0.9,
	"objects": [
		{
			"x": 0,
			"y": 0,
			"scale": [
				2000,
				1350
			],
			"filters": 3,
			"color": "FF0000",
			"angle": 0,
			"name": "justIncase",
			"scroll": [
				1,
				1
			],
			"alpha": 1,
			"type": "square"
		},
		{
			"x": 0,
			"y": 0,
			"scale": [
				1,
				1
			],
			"image": "stages/facelessMario/crypticHideout/color",
			"flipX": false,
			"filters": 3,
			"color": "FFFFFF",
			"angle": 0,
			"name": "backgroundBlack",
			"antialiasing": true,
			"flipY": false,
			"scroll": [
				1,
				1
			],
			"alpha": 1,
			"type": "sprite"
		},
		{
			"x": 0,
			"y": 0,
			"scale": [
				1,
				1
			],
			"image": "stages/facelessMario/crypticHideout/bgFog",
			"flipX": false,
			"filters": 3,
			"color": "FFFFFF",
			"angle": 0,
			"name": "backFog",
			"antialiasing": true,
			"flipY": false,
			"scroll": [
				1,
				1
			],
			"alpha": 1,
			"type": "sprite"
		},
		{
			"x": 247,
			"y": 709,
			"scale": [
				1,
				1
			],
			"image": "stages/facelessMario/crypticHideout/platform",
			"flipX": false,
			"filters": 3,
			"color": "FFFFFF",
			"angle": 0,
			"name": "triggerFloor",
			"antialiasing": true,
			"flipY": false,
			"scroll": [
				1,
				1
			],
			"alpha": 1,
			"type": "sprite"
		},
		{
			"type": "dad"
		},
		{
			"x": 607,
			"y": 456,
			"scale": [
				1,
				1
			],
			"image": "stages/facelessMario/crypticHideout/fgFog",
			"flipX": false,
			"filters": 3,
			"color": "FFFFFF",
			"angle": 0,
			"name": "foreFog1",
			"antialiasing": true,
			"flipY": false,
			"scroll": [
				1,
				1
			],
			"alpha": 1,
			"type": "sprite"
		},
		{
			"x": 414,
			"y": 0,
			"scale": [
				1,
				1
			],
			"image": "stages/facelessMario/crypticHideout/fgFogFromAbove",
			"flipX": false,
			"filters": 3,
			"color": "FFFFFF",
			"angle": 0,
			"name": "foreFog2",
			"antialiasing": true,
			"flipY": false,
			"scroll": [
				1,
				1
			],
			"alpha": 1,
			"type": "sprite"
		},
		{
			"type": "gf"
		},
		{
			"x": 0,
			"y": 0,
			"scale": [
				1,
				1
			],
			"image": "stages/facelessMario/crypticHideout/vignette",
			"flipX": false,
			"filters": 3,
			"color": "FFFFFF",
			"angle": 0,
			"name": "vinnyGettes",
			"antialiasing": true,
			"flipY": false,
			"scroll": [
				1,
				1
			],
			"alpha": 1,
			"type": "sprite"
		},
		{
			"type": "boyfriend"
		}
	],
	"camera_girlfriend": [
		0,
		0
	],
	"opponent": [
		282,
		20
	],
	"directory": "week1",
	"camera_speed": 1,
	"hide_girlfriend": true,
	"camera_opponent": [
		0,
		0
	]
}