{
	"camera_boyfriend": [
		250,
		-180
	],
	"_editorMeta": {
		"boyfriend": "piracy-bf",
		"gf": "gf",
		"dad": "piracy-mario"
	},
	"preload": {
		"images/stage_light": 2,
		"images/stagecurtains": 2,
		"images/stagefront": 3,
		"images/stageback": 3
	},
	"girlfriend": [
		306,
		213
	],
	"stageUI": "pixel",
	"boyfriend": [
		571,
		129
	],
	"camera_girlfriend": [
		0,
		0
	],
	"defaultZoom": 1.35,
	"objects": [
		{
			"type": "gf"
		},
		{
			"x": 121,
			"y": 312,
			"scale": [
				3,
				3
			],
			"image": "stages/voidTypes/BG_Secret_Song",
			"flipX": false,
			"filters": 3,
			"color": "FFFFFF",
			"angle": 0,
			"name": "ultra64Voidkjkjiljk",
			"antialiasing": true,
			"flipY": false,
			"scroll": [
				1,
				1
			],
			"alpha": 1,
			"type": "sprite"
		},
		{
			"type": "dad"
		},
		{
			"type": "boyfriend"
		}
	],
	"camera_speed": 0,
	"directory": "",
	"opponent": [
		100,
		100
	],
	"camera_opponent": [
		-170,
		50
	],
	"hide_girlfriend": true
}
