{
	"camera_boyfriend": [
		-800,
		-800
	],
	"_editorMeta": {
		"boyfriend": "piracy-bf",
		"gf": "gf",
		"dad": "piracy-mario"
	},
	"preload": {
		"stages/voidTypes/BG_Secret_Song": 2
	},
	"girlfriend": [
		-306,
		-425
	],
	"stageUI": "pixel",
	"boyfriend": [
		-63,
		-481
	],
	"camera_girlfriend": [
		0,
		0
	],
	"defaultZoom": 1.5,
	"objects": [
		{
			"type": "gf"
		},
		{
			"x": -521,
			"y": -297,
			"scale": [
				3,
				3
			],
			"image": "stages/voidTypes/BG_Secret_Song",
			"flipX": false,
			"filters": 3,
			"color": "FFFFFF",
			"angle": 0,
			"name": "ultra64Voidkjkjiljk",
			"antialiasing": true,
			"flipY": false,
			"scroll": [
				1,
				1
			],
			"alpha": 1,
			"type": "sprite"
		},
		{
			"type": "dad"
		},
		{
			"type": "boyfriend"
		}
	],
	"camera_speed": 0,
	"directory": "",
	"opponent": [
		-500,
		-512
	],
	"camera_opponent": [
		900,
		900
	],
	"hide_girlfriend": true
}
