{
	"camera_boyfriend": [
		-50,
		-50
	],
	"_editorMeta": {
		"boyfriend": "bf-back",
		"gf": "gf",
		"dad": "dad"
	},
	"preload": {
		"images/stage_light": 2,
		"images/stagecurtains": 2,
		"images/stagefront": 3,
		"images/stageback": 3
	},
	"girlfriend": [
		400,
		130
	],
	"stageUI": "",
	"boyfriend": [
		770,
		100
	],
	"objects": [
		{
			"type": "gf"
		},
		{
			"type": "dad"
		},
		{
			"type": "boyfriend"
		}
	],
	"camera_girlfriend": [
		0,
		0
	],
	"defaultZoom": 0.95,
	"camera_speed": 1,
	"directory": "",
	"opponent": [
		100,
		100
	],
	"camera_opponent": [
		0,
		0
	],
	"hide_girlfriend": true
}