﻿<?xml version="1.0" encoding="utf-8"?>
<TextureAtlas imagePath="PiracyMario.png">
	<!-- Created with Adobe Animate version 22.0.0.93 -->
	<!-- http://www.adobe.com/products/animate.html -->
	<SubTexture name="down instance 10000" x="0" y="0" width="70" height="80"/>
	<SubTexture name="down instance 10001" x="0" y="0" width="70" height="80"/>
	<SubTexture name="down instance 10002" x="70" y="0" width="70" height="80"/>
	<SubTexture name="down instance 10003" x="70" y="0" width="70" height="80"/>
	<SubTexture name="down instance 10004" x="140" y="0" width="70" height="80"/>
	<SubTexture name="down instance 10005" x="140" y="0" width="70" height="80"/>
	<SubTexture name="down instance 10006" x="210" y="0" width="70" height="80"/>
	<SubTexture name="down instance 10007" x="210" y="0" width="70" height="80"/>
	<SubTexture name="idle instance 10000" x="280" y="0" width="70" height="80"/>
	<SubTexture name="idle instance 10001" x="280" y="0" width="70" height="80"/>
	<SubTexture name="idle instance 10002" x="0" y="80" width="70" height="80"/>
	<SubTexture name="idle instance 10003" x="0" y="80" width="70" height="80"/>
	<SubTexture name="idle instance 10004" x="70" y="80" width="70" height="80"/>
	<SubTexture name="idle instance 10005" x="70" y="80" width="70" height="80"/>
	<SubTexture name="idle instance 10006" x="140" y="80" width="70" height="80"/>
	<SubTexture name="idle instance 10007" x="140" y="80" width="70" height="80"/>
	<SubTexture name="idle instance 10008" x="140" y="80" width="70" height="80"/>
	<SubTexture name="idle instance 10009" x="140" y="80" width="70" height="80"/>
	<SubTexture name="idle instance 10010" x="210" y="80" width="70" height="80"/>
	<SubTexture name="idle instance 10011" x="210" y="80" width="70" height="80"/>
	<SubTexture name="left instance 10000" x="280" y="80" width="70" height="80"/>
	<SubTexture name="left instance 10001" x="280" y="80" width="70" height="80"/>
	<SubTexture name="left instance 10002" x="0" y="160" width="70" height="80"/>
	<SubTexture name="left instance 10003" x="0" y="160" width="70" height="80"/>
	<SubTexture name="left instance 10004" x="70" y="160" width="70" height="80"/>
	<SubTexture name="left instance 10005" x="70" y="160" width="70" height="80"/>
	<SubTexture name="left instance 10006" x="140" y="160" width="70" height="80"/>
	<SubTexture name="left instance 10007" x="140" y="160" width="70" height="80"/>
	<SubTexture name="right instance 10000" x="210" y="160" width="70" height="80"/>
	<SubTexture name="right instance 10001" x="210" y="160" width="70" height="80"/>
	<SubTexture name="right instance 10002" x="280" y="160" width="70" height="80"/>
	<SubTexture name="right instance 10003" x="280" y="160" width="70" height="80"/>
	<SubTexture name="right instance 10004" x="0" y="240" width="70" height="80"/>
	<SubTexture name="right instance 10005" x="0" y="240" width="70" height="80"/>
	<SubTexture name="right instance 10006" x="70" y="240" width="70" height="80"/>
	<SubTexture name="right instance 10007" x="70" y="240" width="70" height="80"/>
	<SubTexture name="up instance 10000" x="140" y="240" width="70" height="80"/>
	<SubTexture name="up instance 10001" x="140" y="240" width="70" height="80"/>
	<SubTexture name="up instance 10002" x="210" y="240" width="70" height="80"/>
	<SubTexture name="up instance 10003" x="210" y="240" width="70" height="80"/>
	<SubTexture name="up instance 10004" x="280" y="240" width="70" height="80"/>
	<SubTexture name="up instance 10005" x="280" y="240" width="70" height="80"/>
	<SubTexture name="up instance 10006" x="0" y="320" width="70" height="80"/>
	<SubTexture name="up instance 10007" x="0" y="320" width="70" height="80"/>
</TextureAtlas>
