﻿<?xml version="1.0" encoding="utf-8"?>
<TextureAtlas imagePath="bf-back.png">
	<!-- Created with Adobe Animate version 23.0.1.70 -->
	<!-- http://www.adobe.com/products/animate.html -->
	<SubTexture name="BF Dead Loop0000" x="2" y="2" width="433" height="429"/>
	<SubTexture name="BF Dead Loop0001" x="438" y="2" width="433" height="429"/>
	<SubTexture name="BF Dead Loop0002" x="438" y="2" width="433" height="429"/>
	<SubTexture name="BF Dead Loop0003" x="874" y="2" width="433" height="429"/>
	<SubTexture name="BF Dead Loop0004" x="874" y="2" width="433" height="429"/>
	<SubTexture name="BF Dead Loop0005" x="1310" y="2" width="433" height="429"/>
	<SubTexture name="BF Dead Loop0006" x="1310" y="2" width="433" height="429"/>
	<SubTexture name="BF Dead Loop0007" x="1746" y="2" width="433" height="429"/>
	<SubTexture name="BF Dead Loop0008" x="2182" y="2" width="433" height="429"/>
	<SubTexture name="BF Dead Loop0009" x="2182" y="2" width="433" height="429"/>
	<SubTexture name="BF Dead Loop0010" x="2182" y="2" width="433" height="429"/>
	<SubTexture name="BF Dead Loop0011" x="2182" y="2" width="433" height="429"/>
	<SubTexture name="BF Dead Loop0012" x="2182" y="2" width="433" height="429"/>
	<SubTexture name="BF Dead Loop0013" x="2182" y="2" width="433" height="429"/>
	<SubTexture name="BF Dead Loop0014" x="2182" y="2" width="433" height="429"/>
	<SubTexture name="BF Dead Loop0015" x="2182" y="2" width="433" height="429"/>
	<SubTexture name="BF Dead Loop0016" x="2182" y="2" width="433" height="429"/>
	<SubTexture name="BF Dead Loop0017" x="2618" y="2" width="433" height="429"/>
	<SubTexture name="BF Dead Loop0018" x="3054" y="2" width="433" height="429"/>
	<SubTexture name="BF Dead Loop0019" x="3054" y="2" width="433" height="429"/>
	<SubTexture name="BF Dead Loop0020" x="3490" y="2" width="433" height="429"/>
	<SubTexture name="BF Dead Loop0021" x="3490" y="2" width="433" height="429"/>
	<SubTexture name="BF Dead Loop0022" x="2" y="434" width="433" height="429"/>
	<SubTexture name="BF Dead Loop0023" x="1310" y="2" width="433" height="429"/>
	<SubTexture name="BF Dead Loop0024" x="438" y="434" width="433" height="429"/>
	<SubTexture name="BF Dead Loop0025" x="438" y="434" width="433" height="429"/>
	<SubTexture name="BF Dead Loop0026" x="438" y="434" width="433" height="429"/>
	<SubTexture name="BF Dead Loop0027" x="438" y="434" width="433" height="429"/>
	<SubTexture name="BF Dead Loop0028" x="438" y="434" width="433" height="429"/>
	<SubTexture name="BF Dead Loop0029" x="438" y="434" width="433" height="429"/>
	<SubTexture name="BF Dead Loop0030" x="1746" y="2" width="433" height="429"/>
	<SubTexture name="BF Dead Loop0031" x="2182" y="2" width="433" height="429"/>
	<SubTexture name="BF Dead Loop0032" x="2182" y="2" width="433" height="429"/>
	<SubTexture name="BF Dead Loop0033" x="2182" y="2" width="433" height="429"/>
	<SubTexture name="BF Dead confirm0000" x="874" y="434" width="432" height="429" frameX="0" frameY="-61" frameWidth="432" frameHeight="490"/>
	<SubTexture name="BF Dead confirm0001" x="1309" y="434" width="432" height="460" frameX="0" frameY="-30" frameWidth="432" frameHeight="490"/>
	<SubTexture name="BF Dead confirm0002" x="1744" y="434" width="432" height="490"/>
	<SubTexture name="BF Dead confirm0003" x="1309" y="434" width="432" height="460" frameX="0" frameY="-30" frameWidth="432" frameHeight="490"/>
	<SubTexture name="BF Dead confirm0004" x="2179" y="434" width="432" height="460" frameX="0" frameY="-30" frameWidth="432" frameHeight="490"/>
	<SubTexture name="BF Dead confirm0005" x="2614" y="434" width="432" height="460" frameX="0" frameY="-30" frameWidth="432" frameHeight="490"/>
	<SubTexture name="BF Dead confirm0006" x="3049" y="434" width="432" height="460" frameX="0" frameY="-30" frameWidth="432" frameHeight="490"/>
	<SubTexture name="BF Dead confirm0007" x="3484" y="434" width="432" height="460" frameX="0" frameY="-30" frameWidth="432" frameHeight="490"/>
	<SubTexture name="BF Dead confirm0008" x="2" y="927" width="432" height="460" frameX="0" frameY="-30" frameWidth="432" frameHeight="490"/>
	<SubTexture name="BF Dead confirm0009" x="437" y="927" width="432" height="460" frameX="0" frameY="-30" frameWidth="432" frameHeight="490"/>
	<SubTexture name="BF Dead confirm0010" x="872" y="927" width="432" height="460" frameX="0" frameY="-30" frameWidth="432" frameHeight="490"/>
	<SubTexture name="BF Dead confirm0011" x="1307" y="927" width="432" height="460" frameX="0" frameY="-30" frameWidth="432" frameHeight="490"/>
	<SubTexture name="BF Dead confirm0012" x="1742" y="927" width="432" height="460" frameX="0" frameY="-30" frameWidth="432" frameHeight="490"/>
	<SubTexture name="BF Dead confirm0013" x="2177" y="927" width="432" height="460" frameX="0" frameY="-30" frameWidth="432" frameHeight="490"/>
	<SubTexture name="BF Dead confirm0014" x="2612" y="927" width="432" height="460" frameX="0" frameY="-30" frameWidth="432" frameHeight="490"/>
	<SubTexture name="BF Dead confirm0015" x="3047" y="927" width="432" height="460" frameX="0" frameY="-30" frameWidth="432" frameHeight="490"/>
	<SubTexture name="BF Dead confirm0016" x="3482" y="927" width="432" height="460" frameX="0" frameY="-30" frameWidth="432" frameHeight="490"/>
	<SubTexture name="BF Dead confirm0017" x="2" y="1390" width="432" height="460" frameX="0" frameY="-30" frameWidth="432" frameHeight="490"/>
	<SubTexture name="BF Dead confirm0018" x="437" y="1390" width="432" height="460" frameX="0" frameY="-30" frameWidth="432" frameHeight="490"/>
	<SubTexture name="BF Dead confirm0019" x="872" y="1390" width="432" height="460" frameX="0" frameY="-30" frameWidth="432" frameHeight="490"/>
	<SubTexture name="BF Dead confirm0020" x="872" y="1390" width="432" height="460" frameX="0" frameY="-30" frameWidth="432" frameHeight="490"/>
	<SubTexture name="BF Dead confirm0021" x="872" y="1390" width="432" height="460" frameX="0" frameY="-30" frameWidth="432" frameHeight="490"/>
	<SubTexture name="BF Dead confirm0022" x="1307" y="1390" width="432" height="460" frameX="0" frameY="-30" frameWidth="432" frameHeight="490"/>
	<SubTexture name="BF Dead confirm0023" x="1307" y="1390" width="432" height="460" frameX="0" frameY="-30" frameWidth="432" frameHeight="490"/>
	<SubTexture name="BF Dead confirm0024" x="1307" y="1390" width="432" height="460" frameX="0" frameY="-30" frameWidth="432" frameHeight="490"/>
	<SubTexture name="BF Dead confirm0025" x="1307" y="1390" width="432" height="460" frameX="0" frameY="-30" frameWidth="432" frameHeight="490"/>
	<SubTexture name="BF Dead confirm0026" x="1307" y="1390" width="432" height="460" frameX="0" frameY="-30" frameWidth="432" frameHeight="490"/>
	<SubTexture name="BF Dead confirm0027" x="1307" y="1390" width="432" height="460" frameX="0" frameY="-30" frameWidth="432" frameHeight="490"/>
	<SubTexture name="BF Dead confirm0028" x="1307" y="1390" width="432" height="460" frameX="0" frameY="-30" frameWidth="432" frameHeight="490"/>
	<SubTexture name="BF Dead confirm0029" x="1307" y="1390" width="432" height="460" frameX="0" frameY="-30" frameWidth="432" frameHeight="490"/>
	<SubTexture name="BF Dead confirm0030" x="1307" y="1390" width="432" height="460" frameX="0" frameY="-30" frameWidth="432" frameHeight="490"/>
	<SubTexture name="BF Dead confirm0031" x="1307" y="1390" width="432" height="460" frameX="0" frameY="-30" frameWidth="432" frameHeight="490"/>
	<SubTexture name="BF Dead confirm0032" x="1307" y="1390" width="432" height="460" frameX="0" frameY="-30" frameWidth="432" frameHeight="490"/>
	<SubTexture name="BF Dead confirm0033" x="1307" y="1390" width="432" height="460" frameX="0" frameY="-30" frameWidth="432" frameHeight="490"/>
	<SubTexture name="BF HEY!!0000" x="1742" y="1390" width="374" height="428" frameX="0" frameY="-3" frameWidth="394" frameHeight="433"/>
	<SubTexture name="BF HEY!!0001" x="1742" y="1390" width="374" height="428" frameX="0" frameY="-3" frameWidth="394" frameHeight="433"/>
	<SubTexture name="BF HEY!!0002" x="2119" y="1390" width="376" height="430" frameX="-18" frameY="-3" frameWidth="394" frameHeight="433"/>
	<SubTexture name="BF HEY!!0003" x="2119" y="1390" width="376" height="430" frameX="-18" frameY="-3" frameWidth="394" frameHeight="433"/>
	<SubTexture name="BF HEY!!0004" x="2498" y="1390" width="373" height="433" frameX="-19" frameY="0" frameWidth="394" frameHeight="433"/>
	<SubTexture name="BF HEY!!0005" x="2498" y="1390" width="373" height="433" frameX="-19" frameY="0" frameWidth="394" frameHeight="433"/>
	<SubTexture name="BF HEY!!0006" x="2498" y="1390" width="373" height="433" frameX="-19" frameY="0" frameWidth="394" frameHeight="433"/>
	<SubTexture name="BF HEY!!0007" x="2498" y="1390" width="373" height="433" frameX="-19" frameY="0" frameWidth="394" frameHeight="433"/>
	<SubTexture name="BF HEY!!0008" x="2498" y="1390" width="373" height="433" frameX="-19" frameY="0" frameWidth="394" frameHeight="433"/>
	<SubTexture name="BF HEY!!0009" x="2498" y="1390" width="373" height="433" frameX="-19" frameY="0" frameWidth="394" frameHeight="433"/>
	<SubTexture name="BF HEY!!0010" x="2498" y="1390" width="373" height="433" frameX="-19" frameY="0" frameWidth="394" frameHeight="433"/>
	<SubTexture name="BF HEY!!0011" x="2498" y="1390" width="373" height="433" frameX="-19" frameY="0" frameWidth="394" frameHeight="433"/>
	<SubTexture name="BF HEY!!0012" x="2498" y="1390" width="373" height="433" frameX="-19" frameY="0" frameWidth="394" frameHeight="433"/>
	<SubTexture name="BF HEY!!0013" x="2498" y="1390" width="373" height="433" frameX="-19" frameY="0" frameWidth="394" frameHeight="433"/>
	<SubTexture name="BF HEY!!0014" x="2498" y="1390" width="373" height="433" frameX="-19" frameY="0" frameWidth="394" frameHeight="433"/>
	<SubTexture name="BF HEY!!0015" x="2498" y="1390" width="373" height="433" frameX="-19" frameY="0" frameWidth="394" frameHeight="433"/>
	<SubTexture name="BF HEY!!0016" x="2498" y="1390" width="373" height="433" frameX="-19" frameY="0" frameWidth="394" frameHeight="433"/>
	<SubTexture name="BF HEY!!0017" x="2498" y="1390" width="373" height="433" frameX="-19" frameY="0" frameWidth="394" frameHeight="433"/>
	<SubTexture name="BF HEY!!0018" x="2498" y="1390" width="373" height="433" frameX="-19" frameY="0" frameWidth="394" frameHeight="433"/>
	<SubTexture name="BF HEY!!0019" x="2498" y="1390" width="373" height="433" frameX="-19" frameY="0" frameWidth="394" frameHeight="433"/>
	<SubTexture name="BF HEY!!0020" x="2498" y="1390" width="373" height="433" frameX="-19" frameY="0" frameWidth="394" frameHeight="433"/>
	<SubTexture name="BF HEY!!0021" x="2498" y="1390" width="373" height="433" frameX="-19" frameY="0" frameWidth="394" frameHeight="433"/>
	<SubTexture name="BF HEY!!0022" x="2498" y="1390" width="373" height="433" frameX="-19" frameY="0" frameWidth="394" frameHeight="433"/>
	<SubTexture name="BF HEY!!0023" x="2498" y="1390" width="373" height="433" frameX="-19" frameY="0" frameWidth="394" frameHeight="433"/>
	<SubTexture name="BF HEY!!0024" x="2498" y="1390" width="373" height="433" frameX="-19" frameY="0" frameWidth="394" frameHeight="433"/>
	<SubTexture name="BF HEY!!0025" x="2498" y="1390" width="373" height="433" frameX="-19" frameY="0" frameWidth="394" frameHeight="433"/>
	<SubTexture name="BF NOTE DOWN0000" x="2874" y="1390" width="398" height="387" frameX="0" frameY="-14" frameWidth="398" frameHeight="401"/>
	<SubTexture name="BF NOTE DOWN0001" x="2874" y="1390" width="398" height="387" frameX="0" frameY="-14" frameWidth="398" frameHeight="401"/>
	<SubTexture name="BF NOTE DOWN0002" x="3275" y="1390" width="388" height="400" frameX="-6" frameY="0" frameWidth="398" frameHeight="401"/>
	<SubTexture name="BF NOTE DOWN0003" x="3275" y="1390" width="388" height="400" frameX="-6" frameY="0" frameWidth="398" frameHeight="401"/>
	<SubTexture name="BF NOTE DOWN0004" x="3275" y="1390" width="388" height="400" frameX="-6" frameY="0" frameWidth="398" frameHeight="401"/>
	<SubTexture name="BF NOTE DOWN0005" x="3275" y="1390" width="388" height="400" frameX="-6" frameY="0" frameWidth="398" frameHeight="401"/>
	<SubTexture name="BF NOTE DOWN0006" x="3275" y="1390" width="388" height="400" frameX="-6" frameY="0" frameWidth="398" frameHeight="401"/>
	<SubTexture name="BF NOTE DOWN0007" x="3275" y="1390" width="388" height="400" frameX="-6" frameY="0" frameWidth="398" frameHeight="401"/>
	<SubTexture name="BF NOTE DOWN0008" x="3275" y="1390" width="388" height="400" frameX="-6" frameY="0" frameWidth="398" frameHeight="401"/>
	<SubTexture name="BF NOTE DOWN0009" x="3275" y="1390" width="388" height="400" frameX="-6" frameY="0" frameWidth="398" frameHeight="401"/>
	<SubTexture name="BF NOTE DOWN0010" x="3275" y="1390" width="388" height="400" frameX="-6" frameY="0" frameWidth="398" frameHeight="401"/>
	<SubTexture name="BF NOTE DOWN0011" x="3275" y="1390" width="388" height="400" frameX="-6" frameY="0" frameWidth="398" frameHeight="401"/>
	<SubTexture name="BF NOTE DOWN0012" x="3275" y="1390" width="388" height="400" frameX="-6" frameY="0" frameWidth="398" frameHeight="401"/>
	<SubTexture name="BF NOTE DOWN0013" x="3275" y="1390" width="388" height="400" frameX="-6" frameY="0" frameWidth="398" frameHeight="401"/>
	<SubTexture name="BF NOTE DOWN0014" x="3275" y="1390" width="388" height="400" frameX="-6" frameY="0" frameWidth="398" frameHeight="401"/>
	<SubTexture name="BF NOTE DOWN0015" x="3275" y="1390" width="388" height="400" frameX="-6" frameY="0" frameWidth="398" frameHeight="401"/>
	<SubTexture name="BF NOTE DOWN0016" x="3275" y="1390" width="388" height="400" frameX="-6" frameY="0" frameWidth="398" frameHeight="401"/>
	<SubTexture name="BF NOTE DOWN0017" x="3275" y="1390" width="388" height="400" frameX="-6" frameY="0" frameWidth="398" frameHeight="401"/>
	<SubTexture name="BF NOTE DOWN0018" x="3275" y="1390" width="388" height="400" frameX="-6" frameY="0" frameWidth="398" frameHeight="401"/>
	<SubTexture name="BF NOTE DOWN0019" x="3275" y="1390" width="388" height="400" frameX="-6" frameY="0" frameWidth="398" frameHeight="401"/>
	<SubTexture name="BF NOTE DOWN0020" x="3275" y="1390" width="388" height="400" frameX="-6" frameY="0" frameWidth="398" frameHeight="401"/>
	<SubTexture name="BF NOTE DOWN0021" x="3275" y="1390" width="388" height="400" frameX="-6" frameY="0" frameWidth="398" frameHeight="401"/>
	<SubTexture name="BF NOTE DOWN0022" x="3275" y="1390" width="388" height="400" frameX="-6" frameY="0" frameWidth="398" frameHeight="401"/>
	<SubTexture name="BF NOTE DOWN0023" x="3275" y="1390" width="388" height="400" frameX="-6" frameY="0" frameWidth="398" frameHeight="401"/>
	<SubTexture name="BF NOTE DOWN0024" x="3275" y="1390" width="388" height="400" frameX="-6" frameY="0" frameWidth="398" frameHeight="401"/>
	<SubTexture name="BF NOTE DOWN0025" x="3275" y="1390" width="388" height="400" frameX="-6" frameY="0" frameWidth="398" frameHeight="401"/>
	<SubTexture name="BF NOTE DOWN0026" x="3275" y="1390" width="388" height="400" frameX="-6" frameY="0" frameWidth="398" frameHeight="401"/>
	<SubTexture name="BF NOTE DOWN0027" x="3275" y="1390" width="388" height="400" frameX="-6" frameY="0" frameWidth="398" frameHeight="401"/>
	<SubTexture name="BF NOTE DOWN0028" x="3275" y="1390" width="388" height="400" frameX="-6" frameY="0" frameWidth="398" frameHeight="401"/>
	<SubTexture name="BF NOTE DOWN0029" x="3275" y="1390" width="388" height="400" frameX="-6" frameY="0" frameWidth="398" frameHeight="401"/>
	<SubTexture name="BF NOTE DOWN MISS0000" x="3666" y="1390" width="398" height="387" frameX="-11" frameY="0" frameWidth="409" frameHeight="387"/>
	<SubTexture name="BF NOTE DOWN MISS0001" x="2" y="1853" width="400" height="374" frameX="0" frameY="-12" frameWidth="409" frameHeight="387"/>
	<SubTexture name="BF NOTE DOWN MISS0002" x="2" y="1853" width="400" height="374" frameX="0" frameY="-12" frameWidth="409" frameHeight="387"/>
	<SubTexture name="BF NOTE DOWN MISS0003" x="405" y="1853" width="401" height="364" frameX="0" frameY="-23" frameWidth="409" frameHeight="387"/>
	<SubTexture name="BF NOTE DOWN MISS0004" x="405" y="1853" width="401" height="364" frameX="0" frameY="-23" frameWidth="409" frameHeight="387"/>
	<SubTexture name="BF NOTE DOWN MISS0005" x="405" y="1853" width="401" height="364" frameX="0" frameY="-23" frameWidth="409" frameHeight="387"/>
	<SubTexture name="BF NOTE DOWN MISS0006" x="405" y="1853" width="401" height="364" frameX="0" frameY="-23" frameWidth="409" frameHeight="387"/>
	<SubTexture name="BF NOTE DOWN MISS0007" x="405" y="1853" width="401" height="364" frameX="0" frameY="-23" frameWidth="409" frameHeight="387"/>
	<SubTexture name="BF NOTE DOWN MISS0008" x="405" y="1853" width="401" height="364" frameX="0" frameY="-23" frameWidth="409" frameHeight="387"/>
	<SubTexture name="BF NOTE DOWN MISS0009" x="405" y="1853" width="401" height="364" frameX="0" frameY="-23" frameWidth="409" frameHeight="387"/>
	<SubTexture name="BF NOTE DOWN MISS0010" x="405" y="1853" width="401" height="364" frameX="0" frameY="-23" frameWidth="409" frameHeight="387"/>
	<SubTexture name="BF NOTE DOWN MISS0011" x="405" y="1853" width="401" height="364" frameX="0" frameY="-23" frameWidth="409" frameHeight="387"/>
	<SubTexture name="BF NOTE DOWN MISS0012" x="405" y="1853" width="401" height="364" frameX="0" frameY="-23" frameWidth="409" frameHeight="387"/>
	<SubTexture name="BF NOTE DOWN MISS0013" x="405" y="1853" width="401" height="364" frameX="0" frameY="-23" frameWidth="409" frameHeight="387"/>
	<SubTexture name="BF NOTE DOWN MISS0014" x="405" y="1853" width="401" height="364" frameX="0" frameY="-23" frameWidth="409" frameHeight="387"/>
	<SubTexture name="BF NOTE DOWN MISS0015" x="405" y="1853" width="401" height="364" frameX="0" frameY="-23" frameWidth="409" frameHeight="387"/>
	<SubTexture name="BF NOTE DOWN MISS0016" x="405" y="1853" width="401" height="364" frameX="0" frameY="-23" frameWidth="409" frameHeight="387"/>
	<SubTexture name="BF NOTE DOWN MISS0017" x="405" y="1853" width="401" height="364" frameX="0" frameY="-23" frameWidth="409" frameHeight="387"/>
	<SubTexture name="BF NOTE DOWN MISS0018" x="405" y="1853" width="401" height="364" frameX="0" frameY="-23" frameWidth="409" frameHeight="387"/>
	<SubTexture name="BF NOTE DOWN MISS0019" x="405" y="1853" width="401" height="364" frameX="0" frameY="-23" frameWidth="409" frameHeight="387"/>
	<SubTexture name="BF NOTE DOWN MISS0020" x="405" y="1853" width="401" height="364" frameX="0" frameY="-23" frameWidth="409" frameHeight="387"/>
	<SubTexture name="BF NOTE DOWN MISS0021" x="405" y="1853" width="401" height="364" frameX="0" frameY="-23" frameWidth="409" frameHeight="387"/>
	<SubTexture name="BF NOTE DOWN MISS0022" x="405" y="1853" width="401" height="364" frameX="0" frameY="-23" frameWidth="409" frameHeight="387"/>
	<SubTexture name="BF NOTE DOWN MISS0023" x="405" y="1853" width="401" height="364" frameX="0" frameY="-23" frameWidth="409" frameHeight="387"/>
	<SubTexture name="BF NOTE DOWN MISS0024" x="405" y="1853" width="401" height="364" frameX="0" frameY="-23" frameWidth="409" frameHeight="387"/>
	<SubTexture name="BF NOTE DOWN MISS0025" x="405" y="1853" width="401" height="364" frameX="0" frameY="-23" frameWidth="409" frameHeight="387"/>
	<SubTexture name="BF NOTE DOWN MISS0026" x="405" y="1853" width="401" height="364" frameX="0" frameY="-23" frameWidth="409" frameHeight="387"/>
	<SubTexture name="BF NOTE DOWN MISS0027" x="405" y="1853" width="401" height="364" frameX="0" frameY="-23" frameWidth="409" frameHeight="387"/>
	<SubTexture name="BF NOTE DOWN MISS0028" x="405" y="1853" width="401" height="364" frameX="0" frameY="-23" frameWidth="409" frameHeight="387"/>
	<SubTexture name="BF NOTE LEFT0000" x="809" y="1853" width="389" height="420" frameX="0" frameY="0" frameWidth="393" frameHeight="420"/>
	<SubTexture name="BF NOTE LEFT0001" x="809" y="1853" width="389" height="420" frameX="0" frameY="0" frameWidth="393" frameHeight="420"/>
	<SubTexture name="BF NOTE LEFT0002" x="1201" y="1853" width="388" height="417" frameX="-5" frameY="-3" frameWidth="393" frameHeight="420"/>
	<SubTexture name="BF NOTE LEFT0003" x="1201" y="1853" width="388" height="417" frameX="-5" frameY="-3" frameWidth="393" frameHeight="420"/>
	<SubTexture name="BF NOTE LEFT0004" x="1201" y="1853" width="388" height="417" frameX="-5" frameY="-3" frameWidth="393" frameHeight="420"/>
	<SubTexture name="BF NOTE LEFT0005" x="1201" y="1853" width="388" height="417" frameX="-5" frameY="-3" frameWidth="393" frameHeight="420"/>
	<SubTexture name="BF NOTE LEFT0006" x="1201" y="1853" width="388" height="417" frameX="-5" frameY="-3" frameWidth="393" frameHeight="420"/>
	<SubTexture name="BF NOTE LEFT0007" x="1201" y="1853" width="388" height="417" frameX="-5" frameY="-3" frameWidth="393" frameHeight="420"/>
	<SubTexture name="BF NOTE LEFT0008" x="1201" y="1853" width="388" height="417" frameX="-5" frameY="-3" frameWidth="393" frameHeight="420"/>
	<SubTexture name="BF NOTE LEFT0009" x="1201" y="1853" width="388" height="417" frameX="-5" frameY="-3" frameWidth="393" frameHeight="420"/>
	<SubTexture name="BF NOTE LEFT0010" x="1201" y="1853" width="388" height="417" frameX="-5" frameY="-3" frameWidth="393" frameHeight="420"/>
	<SubTexture name="BF NOTE LEFT0011" x="1201" y="1853" width="388" height="417" frameX="-5" frameY="-3" frameWidth="393" frameHeight="420"/>
	<SubTexture name="BF NOTE LEFT0012" x="1201" y="1853" width="388" height="417" frameX="-5" frameY="-3" frameWidth="393" frameHeight="420"/>
	<SubTexture name="BF NOTE LEFT0013" x="1201" y="1853" width="388" height="417" frameX="-5" frameY="-3" frameWidth="393" frameHeight="420"/>
	<SubTexture name="BF NOTE LEFT0014" x="1201" y="1853" width="388" height="417" frameX="-5" frameY="-3" frameWidth="393" frameHeight="420"/>
	<SubTexture name="BF NOTE LEFT MISS0000" x="1592" y="1853" width="389" height="420" frameX="-18" frameY="-6" frameWidth="407" frameHeight="426"/>
	<SubTexture name="BF NOTE LEFT MISS0001" x="1984" y="1853" width="392" height="424" frameX="-5" frameY="0" frameWidth="407" frameHeight="426"/>
	<SubTexture name="BF NOTE LEFT MISS0002" x="1984" y="1853" width="392" height="424" frameX="-5" frameY="0" frameWidth="407" frameHeight="426"/>
	<SubTexture name="BF NOTE LEFT MISS0003" x="2379" y="1853" width="397" height="419" frameX="0" frameY="-5" frameWidth="407" frameHeight="426"/>
	<SubTexture name="BF NOTE LEFT MISS0004" x="2379" y="1853" width="397" height="419" frameX="0" frameY="-5" frameWidth="407" frameHeight="426"/>
	<SubTexture name="BF NOTE LEFT MISS0005" x="2379" y="1853" width="397" height="419" frameX="0" frameY="-5" frameWidth="407" frameHeight="426"/>
	<SubTexture name="BF NOTE LEFT MISS0006" x="2379" y="1853" width="397" height="419" frameX="0" frameY="-5" frameWidth="407" frameHeight="426"/>
	<SubTexture name="BF NOTE LEFT MISS0007" x="2379" y="1853" width="397" height="419" frameX="0" frameY="-5" frameWidth="407" frameHeight="426"/>
	<SubTexture name="BF NOTE LEFT MISS0008" x="2379" y="1853" width="397" height="419" frameX="0" frameY="-5" frameWidth="407" frameHeight="426"/>
	<SubTexture name="BF NOTE LEFT MISS0009" x="2379" y="1853" width="397" height="419" frameX="0" frameY="-5" frameWidth="407" frameHeight="426"/>
	<SubTexture name="BF NOTE LEFT MISS0010" x="2379" y="1853" width="397" height="419" frameX="0" frameY="-5" frameWidth="407" frameHeight="426"/>
	<SubTexture name="BF NOTE LEFT MISS0011" x="2379" y="1853" width="397" height="419" frameX="0" frameY="-5" frameWidth="407" frameHeight="426"/>
	<SubTexture name="BF NOTE LEFT MISS0012" x="2379" y="1853" width="397" height="419" frameX="0" frameY="-5" frameWidth="407" frameHeight="426"/>
	<SubTexture name="BF NOTE LEFT MISS0013" x="2379" y="1853" width="397" height="419" frameX="0" frameY="-5" frameWidth="407" frameHeight="426"/>
	<SubTexture name="BF NOTE LEFT MISS0014" x="2379" y="1853" width="397" height="419" frameX="0" frameY="-5" frameWidth="407" frameHeight="426"/>
	<SubTexture name="BF NOTE LEFT MISS0015" x="2379" y="1853" width="397" height="419" frameX="0" frameY="-5" frameWidth="407" frameHeight="426"/>
	<SubTexture name="BF NOTE LEFT MISS0016" x="2379" y="1853" width="397" height="419" frameX="0" frameY="-5" frameWidth="407" frameHeight="426"/>
	<SubTexture name="BF NOTE LEFT MISS0017" x="2379" y="1853" width="397" height="419" frameX="0" frameY="-5" frameWidth="407" frameHeight="426"/>
	<SubTexture name="BF NOTE LEFT MISS0018" x="2379" y="1853" width="397" height="419" frameX="0" frameY="-5" frameWidth="407" frameHeight="426"/>
	<SubTexture name="BF NOTE LEFT MISS0019" x="2379" y="1853" width="397" height="419" frameX="0" frameY="-5" frameWidth="407" frameHeight="426"/>
	<SubTexture name="BF NOTE LEFT MISS0020" x="2379" y="1853" width="397" height="419" frameX="0" frameY="-5" frameWidth="407" frameHeight="426"/>
	<SubTexture name="BF NOTE LEFT MISS0021" x="2379" y="1853" width="397" height="419" frameX="0" frameY="-5" frameWidth="407" frameHeight="426"/>
	<SubTexture name="BF NOTE LEFT MISS0022" x="2379" y="1853" width="397" height="419" frameX="0" frameY="-5" frameWidth="407" frameHeight="426"/>
	<SubTexture name="BF NOTE LEFT MISS0023" x="2379" y="1853" width="397" height="419" frameX="0" frameY="-5" frameWidth="407" frameHeight="426"/>
	<SubTexture name="BF NOTE LEFT MISS0024" x="2379" y="1853" width="397" height="419" frameX="0" frameY="-5" frameWidth="407" frameHeight="426"/>
	<SubTexture name="BF NOTE LEFT MISS0025" x="2379" y="1853" width="397" height="419" frameX="0" frameY="-5" frameWidth="407" frameHeight="426"/>
	<SubTexture name="BF NOTE LEFT MISS0026" x="2379" y="1853" width="397" height="419" frameX="0" frameY="-5" frameWidth="407" frameHeight="426"/>
	<SubTexture name="BF NOTE LEFT MISS0027" x="2379" y="1853" width="397" height="419" frameX="0" frameY="-5" frameWidth="407" frameHeight="426"/>
	<SubTexture name="BF NOTE LEFT MISS0028" x="2379" y="1853" width="397" height="419" frameX="0" frameY="-5" frameWidth="407" frameHeight="426"/>
	<SubTexture name="BF NOTE LEFT MISS0029" x="2379" y="1853" width="397" height="419" frameX="0" frameY="-5" frameWidth="407" frameHeight="426"/>
	<SubTexture name="BF NOTE LEFT MISS0030" x="2379" y="1853" width="397" height="419" frameX="0" frameY="-5" frameWidth="407" frameHeight="426"/>
	<SubTexture name="BF NOTE LEFT MISS0031" x="2379" y="1853" width="397" height="419" frameX="0" frameY="-5" frameWidth="407" frameHeight="426"/>
	<SubTexture name="BF NOTE LEFT MISS0032" x="2379" y="1853" width="397" height="419" frameX="0" frameY="-5" frameWidth="407" frameHeight="426"/>
	<SubTexture name="BF NOTE LEFT MISS0033" x="2379" y="1853" width="397" height="419" frameX="0" frameY="-5" frameWidth="407" frameHeight="426"/>
	<SubTexture name="BF NOTE RIGHT0000" x="2779" y="1853" width="375" height="417" frameX="-1" frameY="-2" frameWidth="376" frameHeight="419"/>
	<SubTexture name="BF NOTE RIGHT0001" x="2779" y="1853" width="375" height="417" frameX="-1" frameY="-2" frameWidth="376" frameHeight="419"/>
	<SubTexture name="BF NOTE RIGHT0002" x="3157" y="1853" width="376" height="419"/>
	<SubTexture name="BF NOTE RIGHT0003" x="3157" y="1853" width="376" height="419"/>
	<SubTexture name="BF NOTE RIGHT0004" x="3157" y="1853" width="376" height="419"/>
	<SubTexture name="BF NOTE RIGHT0005" x="3157" y="1853" width="376" height="419"/>
	<SubTexture name="BF NOTE RIGHT0006" x="3157" y="1853" width="376" height="419"/>
	<SubTexture name="BF NOTE RIGHT0007" x="3157" y="1853" width="376" height="419"/>
	<SubTexture name="BF NOTE RIGHT0008" x="3157" y="1853" width="376" height="419"/>
	<SubTexture name="BF NOTE RIGHT0009" x="3157" y="1853" width="376" height="419"/>
	<SubTexture name="BF NOTE RIGHT0010" x="3157" y="1853" width="376" height="419"/>
	<SubTexture name="BF NOTE RIGHT0011" x="3157" y="1853" width="376" height="419"/>
	<SubTexture name="BF NOTE RIGHT0012" x="3157" y="1853" width="376" height="419"/>
	<SubTexture name="BF NOTE RIGHT0013" x="3157" y="1853" width="376" height="419"/>
	<SubTexture name="BF NOTE RIGHT0014" x="3157" y="1853" width="376" height="419"/>
	<SubTexture name="BF NOTE RIGHT0015" x="3157" y="1853" width="376" height="419"/>
	<SubTexture name="BF NOTE RIGHT0016" x="3157" y="1853" width="376" height="419"/>
	<SubTexture name="BF NOTE RIGHT0017" x="3157" y="1853" width="376" height="419"/>
	<SubTexture name="BF NOTE RIGHT0018" x="3157" y="1853" width="376" height="419"/>
	<SubTexture name="BF NOTE RIGHT0019" x="3157" y="1853" width="376" height="419"/>
	<SubTexture name="BF NOTE RIGHT0020" x="3157" y="1853" width="376" height="419"/>
	<SubTexture name="BF NOTE RIGHT0021" x="3157" y="1853" width="376" height="419"/>
	<SubTexture name="BF NOTE RIGHT0022" x="3157" y="1853" width="376" height="419"/>
	<SubTexture name="BF NOTE RIGHT0023" x="3157" y="1853" width="376" height="419"/>
	<SubTexture name="BF NOTE RIGHT0024" x="3157" y="1853" width="376" height="419"/>
	<SubTexture name="BF NOTE RIGHT0025" x="3157" y="1853" width="376" height="419"/>
	<SubTexture name="BF NOTE RIGHT0026" x="3157" y="1853" width="376" height="419"/>
	<SubTexture name="BF NOTE RIGHT0027" x="3157" y="1853" width="376" height="419"/>
	<SubTexture name="BF NOTE RIGHT0028" x="3157" y="1853" width="376" height="419"/>
	<SubTexture name="BF NOTE RIGHT0029" x="3157" y="1853" width="376" height="419"/>
	<SubTexture name="BF NOTE RIGHT0030" x="3157" y="1853" width="376" height="419"/>
	<SubTexture name="BF NOTE RIGHT0031" x="3157" y="1853" width="376" height="419"/>
	<SubTexture name="BF NOTE RIGHT0032" x="3157" y="1853" width="376" height="419"/>
	<SubTexture name="BF NOTE RIGHT0033" x="3157" y="1853" width="376" height="419"/>
	<SubTexture name="BF NOTE RIGHT0034" x="3157" y="1853" width="376" height="419"/>
	<SubTexture name="BF NOTE RIGHT0035" x="3157" y="1853" width="376" height="419"/>
	<SubTexture name="BF NOTE RIGHT0036" x="3157" y="1853" width="376" height="419"/>
	<SubTexture name="BF NOTE RIGHT0037" x="3157" y="1853" width="376" height="419"/>
	<SubTexture name="BF NOTE RIGHT0038" x="3157" y="1853" width="376" height="419"/>
	<SubTexture name="BF NOTE RIGHT0039" x="3157" y="1853" width="376" height="419"/>
	<SubTexture name="BF NOTE RIGHT0040" x="3157" y="1853" width="376" height="419"/>
	<SubTexture name="BF NOTE RIGHT0041" x="3157" y="1853" width="376" height="419"/>
	<SubTexture name="BF NOTE RIGHT0042" x="3157" y="1853" width="376" height="419"/>
	<SubTexture name="BF NOTE RIGHT0043" x="3157" y="1853" width="376" height="419"/>
	<SubTexture name="BF NOTE RIGHT0044" x="3157" y="1853" width="376" height="419"/>
	<SubTexture name="BF NOTE RIGHT0045" x="3157" y="1853" width="376" height="419"/>
	<SubTexture name="BF NOTE RIGHT0046" x="3157" y="1853" width="376" height="419"/>
	<SubTexture name="BF NOTE RIGHT0047" x="3157" y="1853" width="376" height="419"/>
	<SubTexture name="BF NOTE RIGHT0048" x="3157" y="1853" width="376" height="419"/>
	<SubTexture name="BF NOTE RIGHT0049" x="3157" y="1853" width="376" height="419"/>
	<SubTexture name="BF NOTE RIGHT0050" x="3157" y="1853" width="376" height="419"/>
	<SubTexture name="BF NOTE RIGHT0051" x="3157" y="1853" width="376" height="419"/>
	<SubTexture name="BF NOTE RIGHT0052" x="3157" y="1853" width="376" height="419"/>
	<SubTexture name="BF NOTE RIGHT0053" x="3157" y="1853" width="376" height="419"/>
	<SubTexture name="BF NOTE RIGHT0054" x="3157" y="1853" width="376" height="419"/>
	<SubTexture name="BF NOTE RIGHT0055" x="3157" y="1853" width="376" height="419"/>
	<SubTexture name="BF NOTE RIGHT0056" x="3157" y="1853" width="376" height="419"/>
	<SubTexture name="BF NOTE RIGHT0057" x="3157" y="1853" width="376" height="419"/>
	<SubTexture name="BF NOTE RIGHT0058" x="3157" y="1853" width="376" height="419"/>
	<SubTexture name="BF NOTE RIGHT0059" x="3157" y="1853" width="376" height="419"/>
	<SubTexture name="BF NOTE RIGHT0060" x="3157" y="1853" width="376" height="419"/>
	<SubTexture name="BF NOTE RIGHT0061" x="3157" y="1853" width="376" height="419"/>
	<SubTexture name="BF NOTE RIGHT MISS0000" x="3536" y="1853" width="375" height="417" frameX="-13" frameY="0" frameWidth="396" frameHeight="417"/>
	<SubTexture name="BF NOTE RIGHT MISS0001" x="2" y="2280" width="381" height="410" frameX="0" frameY="-5" frameWidth="396" frameHeight="417"/>
	<SubTexture name="BF NOTE RIGHT MISS0002" x="2" y="2280" width="381" height="410" frameX="0" frameY="-5" frameWidth="396" frameHeight="417"/>
	<SubTexture name="BF NOTE RIGHT MISS0003" x="386" y="2280" width="383" height="404" frameX="-13" frameY="-11" frameWidth="396" frameHeight="417"/>
	<SubTexture name="BF NOTE RIGHT MISS0004" x="386" y="2280" width="383" height="404" frameX="-13" frameY="-11" frameWidth="396" frameHeight="417"/>
	<SubTexture name="BF NOTE RIGHT MISS0005" x="386" y="2280" width="383" height="404" frameX="-13" frameY="-11" frameWidth="396" frameHeight="417"/>
	<SubTexture name="BF NOTE RIGHT MISS0006" x="386" y="2280" width="383" height="404" frameX="-13" frameY="-11" frameWidth="396" frameHeight="417"/>
	<SubTexture name="BF NOTE RIGHT MISS0007" x="386" y="2280" width="383" height="404" frameX="-13" frameY="-11" frameWidth="396" frameHeight="417"/>
	<SubTexture name="BF NOTE RIGHT MISS0008" x="386" y="2280" width="383" height="404" frameX="-13" frameY="-11" frameWidth="396" frameHeight="417"/>
	<SubTexture name="BF NOTE RIGHT MISS0009" x="386" y="2280" width="383" height="404" frameX="-13" frameY="-11" frameWidth="396" frameHeight="417"/>
	<SubTexture name="BF NOTE RIGHT MISS0010" x="386" y="2280" width="383" height="404" frameX="-13" frameY="-11" frameWidth="396" frameHeight="417"/>
	<SubTexture name="BF NOTE RIGHT MISS0011" x="386" y="2280" width="383" height="404" frameX="-13" frameY="-11" frameWidth="396" frameHeight="417"/>
	<SubTexture name="BF NOTE RIGHT MISS0012" x="386" y="2280" width="383" height="404" frameX="-13" frameY="-11" frameWidth="396" frameHeight="417"/>
	<SubTexture name="BF NOTE RIGHT MISS0013" x="386" y="2280" width="383" height="404" frameX="-13" frameY="-11" frameWidth="396" frameHeight="417"/>
	<SubTexture name="BF NOTE RIGHT MISS0014" x="386" y="2280" width="383" height="404" frameX="-13" frameY="-11" frameWidth="396" frameHeight="417"/>
	<SubTexture name="BF NOTE RIGHT MISS0015" x="386" y="2280" width="383" height="404" frameX="-13" frameY="-11" frameWidth="396" frameHeight="417"/>
	<SubTexture name="BF NOTE RIGHT MISS0016" x="386" y="2280" width="383" height="404" frameX="-13" frameY="-11" frameWidth="396" frameHeight="417"/>
	<SubTexture name="BF NOTE RIGHT MISS0017" x="386" y="2280" width="383" height="404" frameX="-13" frameY="-11" frameWidth="396" frameHeight="417"/>
	<SubTexture name="BF NOTE RIGHT MISS0018" x="386" y="2280" width="383" height="404" frameX="-13" frameY="-11" frameWidth="396" frameHeight="417"/>
	<SubTexture name="BF NOTE RIGHT MISS0019" x="386" y="2280" width="383" height="404" frameX="-13" frameY="-11" frameWidth="396" frameHeight="417"/>
	<SubTexture name="BF NOTE RIGHT MISS0020" x="386" y="2280" width="383" height="404" frameX="-13" frameY="-11" frameWidth="396" frameHeight="417"/>
	<SubTexture name="BF NOTE RIGHT MISS0021" x="386" y="2280" width="383" height="404" frameX="-13" frameY="-11" frameWidth="396" frameHeight="417"/>
	<SubTexture name="BF NOTE RIGHT MISS0022" x="386" y="2280" width="383" height="404" frameX="-13" frameY="-11" frameWidth="396" frameHeight="417"/>
	<SubTexture name="BF NOTE RIGHT MISS0023" x="386" y="2280" width="383" height="404" frameX="-13" frameY="-11" frameWidth="396" frameHeight="417"/>
	<SubTexture name="BF NOTE RIGHT MISS0024" x="386" y="2280" width="383" height="404" frameX="-13" frameY="-11" frameWidth="396" frameHeight="417"/>
	<SubTexture name="BF NOTE RIGHT MISS0025" x="386" y="2280" width="383" height="404" frameX="-13" frameY="-11" frameWidth="396" frameHeight="417"/>
	<SubTexture name="BF NOTE RIGHT MISS0026" x="386" y="2280" width="383" height="404" frameX="-13" frameY="-11" frameWidth="396" frameHeight="417"/>
	<SubTexture name="BF NOTE RIGHT MISS0027" x="386" y="2280" width="383" height="404" frameX="-13" frameY="-11" frameWidth="396" frameHeight="417"/>
	<SubTexture name="BF NOTE RIGHT MISS0028" x="386" y="2280" width="383" height="404" frameX="-13" frameY="-11" frameWidth="396" frameHeight="417"/>
	<SubTexture name="BF NOTE RIGHT MISS0029" x="386" y="2280" width="383" height="404" frameX="-13" frameY="-11" frameWidth="396" frameHeight="417"/>
	<SubTexture name="BF NOTE RIGHT MISS0030" x="386" y="2280" width="383" height="404" frameX="-13" frameY="-11" frameWidth="396" frameHeight="417"/>
	<SubTexture name="BF NOTE RIGHT MISS0031" x="386" y="2280" width="383" height="404" frameX="-13" frameY="-11" frameWidth="396" frameHeight="417"/>
	<SubTexture name="BF NOTE RIGHT MISS0032" x="386" y="2280" width="383" height="404" frameX="-13" frameY="-11" frameWidth="396" frameHeight="417"/>
	<SubTexture name="BF NOTE RIGHT MISS0033" x="386" y="2280" width="383" height="404" frameX="-13" frameY="-11" frameWidth="396" frameHeight="417"/>
	<SubTexture name="BF NOTE RIGHT MISS0034" x="386" y="2280" width="383" height="404" frameX="-13" frameY="-11" frameWidth="396" frameHeight="417"/>
	<SubTexture name="BF NOTE RIGHT MISS0035" x="386" y="2280" width="383" height="404" frameX="-13" frameY="-11" frameWidth="396" frameHeight="417"/>
	<SubTexture name="BF NOTE RIGHT MISS0036" x="386" y="2280" width="383" height="404" frameX="-13" frameY="-11" frameWidth="396" frameHeight="417"/>
	<SubTexture name="BF NOTE RIGHT MISS0037" x="386" y="2280" width="383" height="404" frameX="-13" frameY="-11" frameWidth="396" frameHeight="417"/>
	<SubTexture name="BF NOTE RIGHT MISS0038" x="386" y="2280" width="383" height="404" frameX="-13" frameY="-11" frameWidth="396" frameHeight="417"/>
	<SubTexture name="BF NOTE RIGHT MISS0039" x="386" y="2280" width="383" height="404" frameX="-13" frameY="-11" frameWidth="396" frameHeight="417"/>
	<SubTexture name="BF NOTE RIGHT MISS0040" x="386" y="2280" width="383" height="404" frameX="-13" frameY="-11" frameWidth="396" frameHeight="417"/>
	<SubTexture name="BF NOTE RIGHT MISS0041" x="386" y="2280" width="383" height="404" frameX="-13" frameY="-11" frameWidth="396" frameHeight="417"/>
	<SubTexture name="BF NOTE RIGHT MISS0042" x="386" y="2280" width="383" height="404" frameX="-13" frameY="-11" frameWidth="396" frameHeight="417"/>
	<SubTexture name="BF NOTE RIGHT MISS0043" x="386" y="2280" width="383" height="404" frameX="-13" frameY="-11" frameWidth="396" frameHeight="417"/>
	<SubTexture name="BF NOTE RIGHT MISS0044" x="386" y="2280" width="383" height="404" frameX="-13" frameY="-11" frameWidth="396" frameHeight="417"/>
	<SubTexture name="BF NOTE RIGHT MISS0045" x="386" y="2280" width="383" height="404" frameX="-13" frameY="-11" frameWidth="396" frameHeight="417"/>
	<SubTexture name="BF NOTE UP0000" x="772" y="2280" width="338" height="449" frameX="-2" frameY="0" frameWidth="341" frameHeight="449"/>
	<SubTexture name="BF NOTE UP0001" x="772" y="2280" width="338" height="449" frameX="-2" frameY="0" frameWidth="341" frameHeight="449"/>
	<SubTexture name="BF NOTE UP0002" x="1113" y="2280" width="341" height="442" frameX="0" frameY="-6" frameWidth="341" frameHeight="449"/>
	<SubTexture name="BF NOTE UP0003" x="1113" y="2280" width="341" height="442" frameX="0" frameY="-6" frameWidth="341" frameHeight="449"/>
	<SubTexture name="BF NOTE UP0004" x="1113" y="2280" width="341" height="442" frameX="0" frameY="-6" frameWidth="341" frameHeight="449"/>
	<SubTexture name="BF NOTE UP0005" x="1113" y="2280" width="341" height="442" frameX="0" frameY="-6" frameWidth="341" frameHeight="449"/>
	<SubTexture name="BF NOTE UP0006" x="1113" y="2280" width="341" height="442" frameX="0" frameY="-6" frameWidth="341" frameHeight="449"/>
	<SubTexture name="BF NOTE UP0007" x="1113" y="2280" width="341" height="442" frameX="0" frameY="-6" frameWidth="341" frameHeight="449"/>
	<SubTexture name="BF NOTE UP0008" x="1113" y="2280" width="341" height="442" frameX="0" frameY="-6" frameWidth="341" frameHeight="449"/>
	<SubTexture name="BF NOTE UP0009" x="1113" y="2280" width="341" height="442" frameX="0" frameY="-6" frameWidth="341" frameHeight="449"/>
	<SubTexture name="BF NOTE UP0010" x="1113" y="2280" width="341" height="442" frameX="0" frameY="-6" frameWidth="341" frameHeight="449"/>
	<SubTexture name="BF NOTE UP0011" x="1113" y="2280" width="341" height="442" frameX="0" frameY="-6" frameWidth="341" frameHeight="449"/>
	<SubTexture name="BF NOTE UP0012" x="1113" y="2280" width="341" height="442" frameX="0" frameY="-6" frameWidth="341" frameHeight="449"/>
	<SubTexture name="BF NOTE UP0013" x="1113" y="2280" width="341" height="442" frameX="0" frameY="-6" frameWidth="341" frameHeight="449"/>
	<SubTexture name="BF NOTE UP0014" x="1113" y="2280" width="341" height="442" frameX="0" frameY="-6" frameWidth="341" frameHeight="449"/>
	<SubTexture name="BF NOTE UP MISS0000" x="1457" y="2280" width="339" height="448" frameX="-24" frameY="0" frameWidth="364" frameHeight="461"/>
	<SubTexture name="BF NOTE UP MISS0001" x="1799" y="2280" width="364" height="433" frameX="0" frameY="-28" frameWidth="364" frameHeight="461"/>
	<SubTexture name="BF NOTE UP MISS0002" x="1799" y="2280" width="364" height="433" frameX="0" frameY="-28" frameWidth="364" frameHeight="461"/>
	<SubTexture name="BF NOTE UP MISS0003" x="2166" y="2280" width="361" height="436" frameX="-1" frameY="-25" frameWidth="364" frameHeight="461"/>
	<SubTexture name="BF NOTE UP MISS0004" x="2166" y="2280" width="361" height="436" frameX="-1" frameY="-25" frameWidth="364" frameHeight="461"/>
	<SubTexture name="BF NOTE UP MISS0005" x="2166" y="2280" width="361" height="436" frameX="-1" frameY="-25" frameWidth="364" frameHeight="461"/>
	<SubTexture name="BF NOTE UP MISS0006" x="2166" y="2280" width="361" height="436" frameX="-1" frameY="-25" frameWidth="364" frameHeight="461"/>
	<SubTexture name="BF NOTE UP MISS0007" x="2166" y="2280" width="361" height="436" frameX="-1" frameY="-25" frameWidth="364" frameHeight="461"/>
	<SubTexture name="BF NOTE UP MISS0008" x="2166" y="2280" width="361" height="436" frameX="-1" frameY="-25" frameWidth="364" frameHeight="461"/>
	<SubTexture name="BF NOTE UP MISS0009" x="2166" y="2280" width="361" height="436" frameX="-1" frameY="-25" frameWidth="364" frameHeight="461"/>
	<SubTexture name="BF NOTE UP MISS0010" x="2166" y="2280" width="361" height="436" frameX="-1" frameY="-25" frameWidth="364" frameHeight="461"/>
	<SubTexture name="BF NOTE UP MISS0011" x="2166" y="2280" width="361" height="436" frameX="-1" frameY="-25" frameWidth="364" frameHeight="461"/>
	<SubTexture name="BF NOTE UP MISS0012" x="2166" y="2280" width="361" height="436" frameX="-1" frameY="-25" frameWidth="364" frameHeight="461"/>
	<SubTexture name="BF NOTE UP MISS0013" x="2166" y="2280" width="361" height="436" frameX="-1" frameY="-25" frameWidth="364" frameHeight="461"/>
	<SubTexture name="BF NOTE UP MISS0014" x="2166" y="2280" width="361" height="436" frameX="-1" frameY="-25" frameWidth="364" frameHeight="461"/>
	<SubTexture name="BF NOTE UP MISS0015" x="2166" y="2280" width="361" height="436" frameX="-1" frameY="-25" frameWidth="364" frameHeight="461"/>
	<SubTexture name="BF NOTE UP MISS0016" x="2166" y="2280" width="361" height="436" frameX="-1" frameY="-25" frameWidth="364" frameHeight="461"/>
	<SubTexture name="BF NOTE UP MISS0017" x="2166" y="2280" width="361" height="436" frameX="-1" frameY="-25" frameWidth="364" frameHeight="461"/>
	<SubTexture name="BF NOTE UP MISS0018" x="2166" y="2280" width="361" height="436" frameX="-1" frameY="-25" frameWidth="364" frameHeight="461"/>
	<SubTexture name="BF NOTE UP MISS0019" x="2166" y="2280" width="361" height="436" frameX="-1" frameY="-25" frameWidth="364" frameHeight="461"/>
	<SubTexture name="BF NOTE UP MISS0020" x="2166" y="2280" width="361" height="436" frameX="-1" frameY="-25" frameWidth="364" frameHeight="461"/>
	<SubTexture name="BF NOTE UP MISS0021" x="2166" y="2280" width="361" height="436" frameX="-1" frameY="-25" frameWidth="364" frameHeight="461"/>
	<SubTexture name="BF NOTE UP MISS0022" x="2166" y="2280" width="361" height="436" frameX="-1" frameY="-25" frameWidth="364" frameHeight="461"/>
	<SubTexture name="BF NOTE UP MISS0023" x="2166" y="2280" width="361" height="436" frameX="-1" frameY="-25" frameWidth="364" frameHeight="461"/>
	<SubTexture name="BF dies0000" x="2530" y="2280" width="408" height="409" frameX="-7" frameY="-10" frameWidth="433" frameHeight="429"/>
	<SubTexture name="BF dies0001" x="2941" y="2280" width="408" height="409" frameX="-7" frameY="-10" frameWidth="433" frameHeight="429"/>
	<SubTexture name="BF dies0002" x="3352" y="2280" width="433" height="429"/>
	<SubTexture name="BF dies0003" x="2" y="2732" width="433" height="429"/>
	<SubTexture name="BF dies0004" x="2" y="2732" width="433" height="429"/>
	<SubTexture name="BF dies0005" x="438" y="2732" width="433" height="429"/>
	<SubTexture name="BF dies0006" x="874" y="2732" width="433" height="429"/>
	<SubTexture name="BF dies0007" x="874" y="2732" width="433" height="429"/>
	<SubTexture name="BF dies0008" x="874" y="2732" width="433" height="429"/>
	<SubTexture name="BF dies0009" x="874" y="2732" width="433" height="429"/>
	<SubTexture name="BF dies0010" x="874" y="2732" width="433" height="429"/>
	<SubTexture name="BF dies0011" x="874" y="2732" width="433" height="429"/>
	<SubTexture name="BF dies0012" x="874" y="2732" width="433" height="429"/>
	<SubTexture name="BF dies0013" x="874" y="2732" width="433" height="429"/>
	<SubTexture name="BF dies0014" x="874" y="2732" width="433" height="429"/>
	<SubTexture name="BF dies0015" x="1310" y="2732" width="433" height="429"/>
	<SubTexture name="BF dies0016" x="1310" y="2732" width="433" height="429"/>
	<SubTexture name="BF dies0017" x="1310" y="2732" width="433" height="429"/>
	<SubTexture name="BF dies0018" x="1746" y="2732" width="433" height="429"/>
	<SubTexture name="BF dies0019" x="1746" y="2732" width="433" height="429"/>
	<SubTexture name="BF dies0020" x="2182" y="2732" width="433" height="429"/>
	<SubTexture name="BF dies0021" x="2182" y="2732" width="433" height="429"/>
	<SubTexture name="BF dies0022" x="2618" y="2732" width="433" height="429"/>
	<SubTexture name="BF dies0023" x="2618" y="2732" width="433" height="429"/>
	<SubTexture name="BF dies0024" x="3054" y="2732" width="433" height="429"/>
	<SubTexture name="BF dies0025" x="3490" y="2732" width="433" height="429"/>
	<SubTexture name="BF dies0026" x="3490" y="2732" width="433" height="429"/>
	<SubTexture name="BF dies0027" x="2" y="3164" width="433" height="429"/>
	<SubTexture name="BF dies0028" x="2" y="3164" width="433" height="429"/>
	<SubTexture name="BF dies0029" x="438" y="3164" width="433" height="429"/>
	<SubTexture name="BF dies0030" x="438" y="3164" width="433" height="429"/>
	<SubTexture name="BF dies0031" x="874" y="3164" width="433" height="429"/>
	<SubTexture name="BF dies0032" x="874" y="3164" width="433" height="429"/>
	<SubTexture name="BF dies0033" x="874" y="3164" width="433" height="429"/>
	<SubTexture name="BF dies0034" x="874" y="3164" width="433" height="429"/>
	<SubTexture name="BF dies0035" x="874" y="3164" width="433" height="429"/>
	<SubTexture name="BF dies0036" x="874" y="3164" width="433" height="429"/>
	<SubTexture name="BF dies0037" x="874" y="3164" width="433" height="429"/>
	<SubTexture name="BF dies0038" x="874" y="3164" width="433" height="429"/>
	<SubTexture name="BF dies0039" x="874" y="3164" width="433" height="429"/>
	<SubTexture name="BF dies0040" x="874" y="3164" width="433" height="429"/>
	<SubTexture name="BF dies0041" x="874" y="3164" width="433" height="429"/>
	<SubTexture name="BF dies0042" x="874" y="3164" width="433" height="429"/>
	<SubTexture name="BF dies0043" x="874" y="3164" width="433" height="429"/>
	<SubTexture name="BF dies0044" x="874" y="3164" width="433" height="429"/>
	<SubTexture name="BF dies0045" x="874" y="3164" width="433" height="429"/>
	<SubTexture name="BF dies0046" x="874" y="3164" width="433" height="429"/>
	<SubTexture name="BF dies0047" x="874" y="3164" width="433" height="429"/>
	<SubTexture name="BF dies0048" x="874" y="3164" width="433" height="429"/>
	<SubTexture name="BF dies0049" x="874" y="3164" width="433" height="429"/>
	<SubTexture name="BF dies0050" x="874" y="3164" width="433" height="429"/>
	<SubTexture name="BF dies0051" x="874" y="3164" width="433" height="429"/>
	<SubTexture name="BF dies0052" x="874" y="3164" width="433" height="429"/>
	<SubTexture name="BF dies0053" x="874" y="3164" width="433" height="429"/>
	<SubTexture name="BF dies0054" x="874" y="3164" width="433" height="429"/>
	<SubTexture name="BF dies0055" x="874" y="3164" width="433" height="429"/>
	<SubTexture name="BF dies0056" x="874" y="3164" width="433" height="429"/>
	<SubTexture name="BF dies0057" x="874" y="3164" width="433" height="429"/>
	<SubTexture name="BF idle dance0000" x="1310" y="3164" width="397" height="404" frameX="0" frameY="-22" frameWidth="400" frameHeight="427"/>
	<SubTexture name="BF idle dance0001" x="1310" y="3164" width="397" height="404" frameX="0" frameY="-22" frameWidth="400" frameHeight="427"/>
	<SubTexture name="BF idle dance0002" x="1710" y="3164" width="396" height="406" frameX="-1" frameY="-21" frameWidth="400" frameHeight="427"/>
	<SubTexture name="BF idle dance0003" x="1710" y="3164" width="396" height="406" frameX="-1" frameY="-21" frameWidth="400" frameHeight="427"/>
	<SubTexture name="BF idle dance0004" x="2109" y="3164" width="398" height="411" frameX="-2" frameY="-16" frameWidth="400" frameHeight="427"/>
	<SubTexture name="BF idle dance0005" x="2109" y="3164" width="398" height="411" frameX="-2" frameY="-16" frameWidth="400" frameHeight="427"/>
	<SubTexture name="BF idle dance0006" x="2510" y="3164" width="385" height="427" frameX="-14" frameY="0" frameWidth="400" frameHeight="427"/>
	<SubTexture name="BF idle dance0007" x="2510" y="3164" width="385" height="427" frameX="-14" frameY="0" frameWidth="400" frameHeight="427"/>
	<SubTexture name="BF idle dance0008" x="2898" y="3164" width="377" height="427" frameX="-23" frameY="0" frameWidth="400" frameHeight="427"/>
	<SubTexture name="BF idle dance0009" x="2898" y="3164" width="377" height="427" frameX="-23" frameY="0" frameWidth="400" frameHeight="427"/>
	<SubTexture name="BF idle dance0010" x="2898" y="3164" width="377" height="427" frameX="-23" frameY="0" frameWidth="400" frameHeight="427"/>
	<SubTexture name="BF idle dance0011" x="2898" y="3164" width="377" height="427" frameX="-23" frameY="0" frameWidth="400" frameHeight="427"/>
	<SubTexture name="BF idle dance0012" x="2898" y="3164" width="377" height="427" frameX="-23" frameY="0" frameWidth="400" frameHeight="427"/>
	<SubTexture name="BF idle dance0013" x="2898" y="3164" width="377" height="427" frameX="-23" frameY="0" frameWidth="400" frameHeight="427"/>
	<SubTexture name="BF idle shaking0000" x="3278" y="3164" width="382" height="428" frameX="-2" frameY="0" frameWidth="384" frameHeight="428"/>
	<SubTexture name="BF idle shaking0001" x="3663" y="3164" width="384" height="425" frameX="0" frameY="-3" frameWidth="384" frameHeight="428"/>
	<SubTexture name="BF idle shaking0002" x="2" y="3596" width="381" height="426" frameX="-3" frameY="-2" frameWidth="384" frameHeight="428"/>
	<SubTexture name="BF idle shaking0003" x="386" y="3596" width="381" height="426" frameX="-2" frameY="-2" frameWidth="384" frameHeight="428"/>
</TextureAtlas>
