﻿<?xml version="1.0" encoding="utf-8"?>
<TextureAtlas imagePath="PiracyBf.png">
	<!-- Created with Adobe Animate version 22.0.0.93 -->
	<!-- http://www.adobe.com/products/animate.html -->
	<SubTexture name="down instance 10000" x="0" y="0" width="150" height="160"/>
	<SubTexture name="down instance 10001" x="0" y="0" width="150" height="160"/>
	<SubTexture name="down instance 10002" x="150" y="0" width="150" height="160"/>
	<SubTexture name="down instance 10003" x="150" y="0" width="150" height="160"/>
	<SubTexture name="downMiss instance 10000" x="300" y="0" width="151" height="161"/>
	<SubTexture name="downMiss instance 10001" x="300" y="0" width="151" height="161"/>
	<SubTexture name="downMiss instance 10002" x="451" y="0" width="151" height="161"/>
	<SubTexture name="downMiss instance 10003" x="451" y="0" width="151" height="161"/>
	<SubTexture name="idle instance 10000" x="602" y="0" width="150" height="160"/>
	<SubTexture name="idle instance 10001" x="602" y="0" width="150" height="160"/>
	<SubTexture name="idle instance 10002" x="752" y="0" width="150" height="160"/>
	<SubTexture name="idle instance 10003" x="752" y="0" width="150" height="160"/>
	<SubTexture name="idle instance 10004" x="902" y="0" width="150" height="160"/>
	<SubTexture name="idle instance 10005" x="902" y="0" width="150" height="160"/>
	<SubTexture name="idle instance 10006" x="0" y="161" width="150" height="160"/>
	<SubTexture name="idle instance 10007" x="0" y="161" width="150" height="160"/>
	<SubTexture name="idle instance 10008" x="150" y="161" width="150" height="160"/>
	<SubTexture name="idle instance 10009" x="150" y="161" width="150" height="160"/>
	<SubTexture name="left instance 10000" x="300" y="161" width="150" height="160"/>
	<SubTexture name="left instance 10001" x="300" y="161" width="150" height="160"/>
	<SubTexture name="left instance 10002" x="450" y="161" width="150" height="160"/>
	<SubTexture name="left instance 10003" x="450" y="161" width="150" height="160"/>
	<SubTexture name="leftMiss instance 10000" x="600" y="161" width="151" height="161"/>
	<SubTexture name="leftMiss instance 10001" x="600" y="161" width="151" height="161"/>
	<SubTexture name="leftMiss instance 10002" x="751" y="161" width="151" height="161"/>
	<SubTexture name="leftMiss instance 10003" x="751" y="161" width="151" height="161"/>
	<SubTexture name="right instance 10000" x="902" y="161" width="150" height="160"/>
	<SubTexture name="right instance 10001" x="902" y="161" width="150" height="160"/>
	<SubTexture name="right instance 10002" x="0" y="322" width="150" height="160"/>
	<SubTexture name="right instance 10003" x="0" y="322" width="150" height="160"/>
	<SubTexture name="rightMiss instance 10000" x="150" y="322" width="151" height="161"/>
	<SubTexture name="rightMiss instance 10001" x="150" y="322" width="151" height="161"/>
	<SubTexture name="rightMiss instance 10002" x="301" y="322" width="151" height="161"/>
	<SubTexture name="rightMiss instance 10003" x="301" y="322" width="151" height="161"/>
	<SubTexture name="up instance 10000" x="452" y="322" width="150" height="160"/>
	<SubTexture name="up instance 10001" x="452" y="322" width="150" height="160"/>
	<SubTexture name="up instance 10002" x="602" y="322" width="150" height="160"/>
	<SubTexture name="up instance 10003" x="602" y="322" width="150" height="160"/>
	<SubTexture name="upMiss instance 10000" x="752" y="322" width="151" height="161"/>
	<SubTexture name="upMiss instance 10001" x="752" y="322" width="151" height="161"/>
	<SubTexture name="upMiss instance 10002" x="903" y="322" width="151" height="161"/>
	<SubTexture name="upMiss instance 10003" x="903" y="322" width="151" height="161"/>
</TextureAtlas>
